customer_id,customer_name,customer_segment_Consumer,customer_segment_Corporate,customer_segment_Home Office
JM-553500000000000,Jessica Myrick,True,False,False
GZ-454500000000000,George Zrebassa,False,True,False
BS-136500000000000,Bill Shonely,False,True,False
SR-204250000000000,Sharelle Roach,False,False,True
HG-496500000000000,Henry Goldwyn,False,True,False
SC-203050000000000,Sean Christensen,True,False,False
TG-113100000000000,Toby Gnade,True,False,False
RS-197650000000000,Roland Schwarz,False,True,False
AC-106150000000000,Ann Chong,False,True,False
JL-158350000000000,John Lee,True,False,False
GH-146650000000000,Greg Hansen,True,False,False
CA-226500000000000,Christina Anderson,True,False,False
BP-111850000000000,Ben Peterman,False,True,False
NP-186700000000000,Nora Paige,True,False,False
RL-961500000000000,Rob Lucas,True,False,False
EH-412500000000000,Eugene Hildebrand,False,False,True
RL-196150000000000,Rob Lucas,True,False,False
AG-106750000000000,Anna Gayman,True,False,False
MM-182800000000000,Muhammed MacIntyre,False,True,False
MA-179950000000000,Michelle Arnett,False,False,True
EM-396000000000000,Eric Murdock,True,False,False
BD-156000000000000,Brendan Dodson,False,False,True
LR-170350000000000,Lisa Ryan,False,True,False
MY-182950000000000,Muhammed Yedwab,False,True,False
SA-108300000000000,Sue Ann Reed,True,False,False
PC-900000000000000,Pauline Chand,False,False,True
MT-178150000000000,Meg Tillman,True,False,False
GM-146800000000000,Greg Matthias,True,False,False
JM-152500000000000,Janet Martin,True,False,False
JC-157750000000000,John Castell,True,False,False
JO-152800000000000,Jas O'Carroll,True,False,False
SM-109050000000000,Susan MacKendrick,True,False,False
RS-976500000000000,Roland Schwarz,False,True,False
AG-330000000000000,Alex Grayson,True,False,False
NL-183100000000000,Nancy Lomonaco,False,False,True
CM-223500000000000,Chris McAfee,True,False,False
MD-178600000000000,Michael Dominguez,False,True,False
CM-122350000000000,Chris McAfee,True,False,False
JR-621000000000000,Justin Ritter,False,True,False
AO-810000000000000,Anthony O'Donnell,False,True,False
GW-146050000000000,Giulietta Weimer,True,False,False
JK-156250000000000,Jim Karlsson,True,False,False
MF-825000000000000,Monica Federle,False,True,False
CM-216000000000000,Charles McCrossin,True,False,False
VG-217900000000000,Vivek Gonzalez,True,False,False
BF-110200000000000,Barry Französisch,False,True,False
TS-216100000000000,Troy Staebel,True,False,False
SP-206500000000000,Stephanie Phelps,False,True,False
SR-107400000000000,Steven Roelle,False,False,True
SC-200200000000000,Sam Craven,True,False,False
LO-171700000000000,Lori Olson,False,True,False
BD-132000000000000,Bill Donatelli,True,False,False
JB-159250000000000,Joni Blumstein,True,False,False
JF-519000000000000,Jamie Frazer,True,False,False
FC-433500000000000,Fred Chung,False,True,False
JL-583500000000000,John Lee,True,False,False
JK-153700000000000,Jay Kimmel,True,False,False
DB-321000000000000,Dean Braden,True,False,False
KH-633000000000000,Katharine Harms,False,True,False
BS-166500000000000,Brian Stugart,True,False,False
NM-184450000000000,Nathan Mautz,False,False,True
RC-198250000000000,Roy Collins,True,False,False
SW-202450000000000,Scot Wooten,True,False,False
DO-136450000000000,Doug O'Connell,True,False,False
BE-145500000000000,Brad Eason,False,False,True
JL-151750000000000,James Lanier,False,False,True
CC-247500000000000,Cindy Chapman,True,False,False
KD-627000000000000,Karen Daniels,True,False,False
NG-843000000000000,Nathan Gelder,True,False,False
TB-212500000000000,Tim Brockman,True,False,False
SF-109650000000000,Sylvia Foulston,False,True,False
AB-255000000000000,Alejandro Ballentine,False,False,True
BD-115600000000000,Brendan Dodson,False,False,True
BG-169500000000000,Brooke Gillingham,False,True,False
RD-199300000000000,Russell D'Ascenzo,True,False,False
KT-646500000000000,Kean Takahito,True,False,False
DF-131350000000000,David Flashing,True,False,False
TS-215050000000000,Tony Sayre,True,False,False
RP-192700000000000,Rachel Payne,False,True,False
RH-195550000000000,Ritsa Hightower,True,False,False
SL-201550000000000,Sara Luxemburg,False,False,True
EH-137650000000000,Edward Hooks,False,True,False
AG-105250000000000,Andy Gerbode,False,True,False
PO-885000000000000,Patrick O'Brill,True,False,False
TT-210700000000000,Ted Trevino,True,False,False
SN-105600000000000,Skye Norling,False,False,True
JL-513000000000000,Jack Lebron,True,False,False
SS-104100000000000,Shahid Shariari,True,False,False
MH-181150000000000,Mick Hernandez,False,False,True
PB-910500000000000,Peter Bühler,True,False,False
NR-185500000000000,Nick Radford,True,False,False
MG-768000000000000,Maureen Gastineau,False,False,True
AG-103900000000000,Allen Goldenen,True,False,False
HK-489000000000000,Heather Kirkland,False,True,False
CM-119350000000000,Carlos Meador,True,False,False
DC-328500000000000,Debra Catini,True,False,False
JB-160450000000000,Julia Barnett,False,False,True
LS-172000000000000,Luke Schmidt,False,True,False
ML-177550000000000,Max Ludwig,False,False,True
GR-145600000000000,Georgia Rosenberg,False,True,False
JL-158500000000000,John Lucas,True,False,False
MW-182350000000000,Mitch Willingham,False,True,False
DP-131050000000000,Dave Poirier,False,True,False
BS-138000000000000,Bill Stewart,False,True,False
HW-493500000000000,Helen Wasserman,False,True,False
DJ-351000000000000,Don Jones,False,True,False
ED-388500000000000,Emily Ducich,False,False,True
NR-855000000000000,Nick Radford,True,False,False
SM-103200000000000,Sean Miller,False,False,True
JK-152050000000000,Jamie Kunitz,True,False,False
MK-179050000000000,Michael Kennedy,False,True,False
EM-414000000000000,Eugene Moren,False,False,True
RE-945000000000000,Richard Eichhorn,True,False,False
FH-427500000000000,Frank Hawley,False,True,False
MO-179500000000000,Michael Oakman,True,False,False
DV-130450000000000,Darrin Van Huff,False,True,False
KH-163600000000000,Katherine Hughes,True,False,False
AA-375000000000000,Allen Armold,True,False,False
LB-167950000000000,Laurel Beltran,False,False,True
RD-972000000000000,Roger Demir,True,False,False
TS-112050000000000,Thomas Seio,False,True,False
JC-534000000000000,Jasper Cacioppo,True,False,False
SO-103350000000000,Sean O'Donnell,True,False,False
TT-112200000000000,Thomas Thornton,True,False,False
ME-801000000000000,Michelle Ellison,False,True,False
BB-154500000000000,Brenda Bowman,False,True,False
JM-161950000000000,Justin MacKendrick,True,False,False
BD-116050000000000,Brian Dahlen,True,False,False
SG-200800000000000,Sandra Glassco,True,False,False
HM-498000000000000,Henry MacAllister,True,False,False
ST-205300000000000,Shui Tom,True,False,False
GT-471000000000000,Greg Tran,True,False,False
NS-850500000000000,Neola Schneider,True,False,False
IM-150550000000000,Ionia McGrath,True,False,False
SM-209050000000000,Susan MacKendrick,True,False,False
AG-103000000000000,Aleksandra Gannaway,False,True,False
AS-285000000000000,Alejandro Savely,False,True,False
DC-128500000000000,Dan Campbell,True,False,False
JM-156550000000000,Jim Mitchum,False,True,False
JO-155500000000000,Jesus Ocampo,False,False,True
RP-985500000000000,Roy Phan,False,True,False
JS-594000000000000,Joni Sundaresam,False,False,True
BM-117850000000000,Bryan Mills,True,False,False
PJ-188350000000000,Patrick Jones,False,True,False
MP-179650000000000,Michael Paige,False,True,False
AC-615000000000000,Ann Chong,False,True,False
JA-159700000000000,Joseph Airdo,True,False,False
HA-490500000000000,Helen Abelman,True,False,False
VM-118350000000000,Vivian Mathis,True,False,False
TS-111600000000000,Theresa Swint,False,True,False
VT-217000000000000,Valerie Takahito,False,False,True
RM-937500000000000,Raymond Messe,True,False,False
DH-307500000000000,Dave Hallsten,False,True,False
JM-558000000000000,Jill Matthias,True,False,False
MS-736500000000000,Maribeth Schnelling,True,False,False
VP-117300000000000,Victor Preis,False,False,True
TP-211300000000000,Theone Pippenger,True,False,False
MG-176950000000000,Maureen Gnade,True,False,False
CS-246000000000000,Chuck Sachs,True,False,False
CG-204000000000000,Catherine Glotzbach,False,False,True
LA-678000000000000,Laura Armstrong,False,True,False
MC-175750000000000,Matt Collins,True,False,False
LS-172450000000000,Lynn Smith,True,False,False
BD-116200000000000,Brian DeCherney,True,False,False
MG-814500000000000,Mike Gockenbach,True,False,False
KL-166450000000000,Ken Lonsdale,True,False,False
TZ-215800000000000,Tracy Zic,True,False,False
SP-105450000000000,Sibella Parks,False,True,False
SN-205600000000000,Skye Norling,False,False,True
LS-720000000000000,Luke Schmidt,False,True,False
KB-640500000000000,Katrina Bavinger,False,False,True
PC-187450000000000,Pamela Coakley,False,True,False
SP-109200000000000,Susan Pistek,True,False,False
BD-163500000000000,Brian Derr,True,False,False
CS-124900000000000,Cindy Schnelling,False,True,False
BS-113650000000000,Bill Shonely,False,True,False
GH-466500000000000,Greg Hansen,True,False,False
JS-559500000000000,Jill Stevenson,False,True,False
HE-480000000000000,Harold Engle,False,True,False
RW-954000000000000,Rick Wilson,False,True,False
RP-927000000000000,Rachel Payne,False,True,False
SM-200050000000000,Sally Matthias,True,False,False
JD-615000000000000,Justin Deggeller,False,True,False
LC-168850000000000,Lena Creighton,True,False,False
ME-177250000000000,Max Engle,True,False,False
JL-155050000000000,Jeremy Lonsdale,True,False,False
RW-196900000000000,Robert Waldorf,True,False,False
BE-113350000000000,Bill Eplett,False,False,True
BM-165000000000000,Brian Moss,False,True,False
CT-199500000000000,Carol Triggs,True,False,False
DK-337500000000000,Dennis Kane,True,False,False
JE-154750000000000,Jeremy Ellison,True,False,False
LM-706500000000000,Liz MacKendrick,True,False,False
SV-203650000000000,Seth Vernon,True,False,False
MH-729000000000000,Marc Harrigan,False,False,True
CA-123100000000000,Christine Abelman,False,True,False
PT-909000000000000,Pete Takahito,True,False,False
DK-128350000000000,Damala Kotsonis,False,True,False
TB-116250000000000,Trudy Brown,True,False,False
DK-322500000000000,Dean Katz,False,True,False
AM-103600000000000,Alice McCarthy,False,True,False
RR-193150000000000,Ralph Ritter,True,False,False
AS-225000000000000,Alan Schoenberger,False,True,False
Dp-132400000000000,Dean percer,False,False,True
MP-796500000000000,Michael Paige,False,True,False
SC-200950000000000,Sanjit Chand,True,False,False
EM-139600000000000,Eric Murdock,True,False,False
BN-151500000000000,Bradley Nguyen,True,False,False
MT-180700000000000,Michelle Tran,False,False,True
JC-153400000000000,Jasper Cacioppo,True,False,False
BS-115900000000000,Brendan Sweed,False,True,False
AM-107050000000000,Anne McFarland,True,False,False
AS-101350000000000,Adrian Shami,False,False,True
EG-139000000000000,Emily Grady,True,False,False
HG-150250000000000,Hunter Glantz,True,False,False
WB-218500000000000,William Brown,True,False,False
TS-212050000000000,Thomas Seio,False,True,False
JE-574500000000000,Joel Eaton,True,False,False
BF-112150000000000,Benjamin Farhat,False,False,True
CM-123850000000000,Christopher Martinez,True,False,False
LW-699000000000000,Lindsay Williams,False,True,False
DW-354000000000000,Don Weiss,True,False,False
HD-478500000000000,Harold Dahlen,False,False,True
DM-352500000000000,Don Miller,False,True,False
MN-179350000000000,Michael Nguyen,True,False,False
SU-206650000000000,Stephanie Ulpright,False,False,True
BN-147000000000000,Brad Norvell,False,True,False
BP-123000000000000,Benjamin Patterson,True,False,False
SC-103050000000000,Sean Christensen,True,False,False
EH-141250000000000,Eugene Hildebrand,False,False,True
JL-550500000000000,Jeremy Lonsdale,True,False,False
MW-822000000000000,Mitch Webber,True,False,False
MB-808500000000000,Mick Brown,True,False,False
LC-687000000000000,Lena Cacioppo,True,False,False
NC-184150000000000,Nathan Cano,True,False,False
ES-402000000000000,Erica Smith,True,False,False
BO-135000000000000,Bill Overfelt,False,True,False
BD-117700000000000,Bryan Davis,True,False,False
LS-169750000000000,Lindsay Shagiari,False,False,True
KE-164200000000000,Katrina Edelman,False,True,False
MZ-175150000000000,Mary Zewe,False,True,False
VB-117450000000000,Victoria Brennan,False,True,False
CR-126250000000000,Corey Roper,False,False,True
DE-132550000000000,Deanra Eno,False,False,True
CC-124300000000000,Chuck Clark,False,False,True
HA-149050000000000,Helen Abelman,True,False,False
MH-811500000000000,Mick Hernandez,False,False,True
BM-114000000000000,Becky Martin,True,False,False
CM-211500000000000,Chad McGuire,True,False,False
SC-202600000000000,Scott Cohen,False,True,False
JM-526500000000000,Janet Molinari,False,True,False
DB-136600000000000,Duane Benoit,True,False,False
CL-189000000000000,Carl Ludwig,True,False,False
TB-115200000000000,Tracy Blumstein,True,False,False
SP-205450000000000,Sibella Parks,False,True,False
CM-118300000000000,Cari MacIntyre,False,True,False
MC-727500000000000,Marc Crier,True,False,False
TR-113250000000000,Toby Ritter,True,False,False
NB-858000000000000,Nicole Brennan,False,True,False
AR-570000000000000,Anemone Ratner,True,False,False
KB-660000000000000,Ken Brennan,False,True,False
NC-183400000000000,Nat Carroll,True,False,False
GP-147400000000000,Guy Phonely,False,True,False
DB-361500000000000,Doug Bickford,True,False,False
TC-214750000000000,Tony Chapman,False,False,True
BD-172500000000000,Bruce Degenhardt,True,False,False
MF-176650000000000,Maureen Fritzler,False,True,False
JM-155800000000000,Jill Matthias,True,False,False
RP-939000000000000,Resi Pölking,True,False,False
NS-185050000000000,Neola Schneider,True,False,False
PR-888000000000000,Patrick Ryan,True,False,False
KH-165100000000000,Keith Herrera,True,False,False
CG-120400000000000,Catherine Glotzbach,False,False,True
CJ-201000000000000,Caroline Jumper,True,False,False
BF-110800000000000,Bart Folk,True,False,False
LS-723000000000000,Lycoris Saunders,True,False,False
SG-206050000000000,Speros Goranitis,True,False,False
LH-167500000000000,Larry Hughes,True,False,False
DV-304500000000000,Darrin Van Huff,False,True,False
JE-561000000000000,Jim Epp,False,True,False
HR-148300000000000,Harold Ryan,False,True,False
Co-264000000000000,Corey-Lock,True,False,False
KD-164950000000000,Keith Dawkins,False,True,False
TW-110250000000000,Tamara Willingham,False,False,True
AP-107200000000000,Anne Pryor,False,False,True
TD-209950000000000,Tamara Dahlen,True,False,False
RH-955500000000000,Ritsa Hightower,True,False,False
KA-652500000000000,Kelly Andreada,True,False,False
DR-294000000000000,Daniel Raglin,False,False,True
AS-102850000000000,Alejandro Savely,False,True,False
TC-115350000000000,Tracy Collins,False,False,True
NP-186850000000000,Nora Pelletier,False,False,True
TB-111750000000000,Thomas Boland,False,True,False
MV-748500000000000,Mark Van Huff,True,False,False
JK-160900000000000,Juliana Krohn,True,False,False
EM-382500000000000,Elizabeth Moffitt,False,True,False
DJ-363000000000000,Doug Jacobs,True,False,False
PK-907500000000000,Pete Kriz,True,False,False
EB-387000000000000,Emily Burns,True,False,False
SE-201100000000000,Sanjit Engle,True,False,False
RA-991500000000000,Russell Applegate,True,False,False
BP-105000000000000,Barry Pond,False,True,False
ML-174100000000000,Maris LaWare,True,False,False
BD-115000000000000,Bradley Drucker,True,False,False
EB-137500000000000,Edward Becker,False,True,False
KC-654000000000000,Kelly Collister,True,False,False
BE-114100000000000,Bobby Elias,True,False,False
MH-778500000000000,Maya Herman,False,True,False
NS-864000000000000,Noel Staavos,False,True,False
PB-880500000000000,Patrick Bzostek,False,False,True
SS-204100000000000,Shahid Shariari,True,False,False
HF-499500000000000,Herbert Flentye,True,False,False
DK-289500000000000,Dana Kaydos,True,False,False
EJ-141550000000000,Eva Jacobs,True,False,False
BK-126000000000000,Berenike Kampe,True,False,False
BB-990000000000000,Barry Blumstein,False,True,False
AS-106300000000000,Ann Steele,False,False,True
CY-127450000000000,Craig Yedwab,False,True,False
AC-450000000000000,Amy Cox,True,False,False
SM-209500000000000,Suzanne McNair,False,True,False
LS-697500000000000,Lindsay Shagiari,False,False,True
EM-420000000000000,Evan Minnotte,False,False,True
TP-215650000000000,Tracy Poddar,False,True,False
AS-100450000000000,Aaron Smayling,False,True,False
SC-105750000000000,Sonia Cooley,True,False,False
LB-673500000000000,Larry Blacks,True,False,False
GD-145900000000000,Giulietta Dortch,False,True,False
AG-900000000000000,Arthur Gainer,True,False,False
KT-648000000000000,Kean Thornton,True,False,False
BS-116650000000000,Brian Stugart,True,False,False
JK-157300000000000,Joe Kamberova,True,False,False
RH-960000000000000,Rob Haberlin,True,False,False
EB-141100000000000,Eugene Barchas,True,False,False
SC-103800000000000,Shahid Collister,True,False,False
KN-639000000000000,Katherine Nockton,False,True,False
EG-390000000000000,Emily Grady,True,False,False
SV-207850000000000,Stewart Visinsky,True,False,False
FA-423000000000000,Frank Atkinson,False,True,False
AG-495000000000000,Andrew Gjertsen,False,True,False
JH-159850000000000,Joseph Holt,True,False,False
CS-186000000000000,Cari Schnelling,True,False,False
SZ-100350000000000,Sam Zeldin,False,False,True
JW-152200000000000,Jane Waco,False,True,False
EH-399000000000000,Erica Hackney,True,False,False
DM-133450000000000,Denise Monton,False,True,False
DR-288000000000000,Dan Reichenbach,False,True,False
NP-870000000000000,Nora Preis,True,False,False
RM-975000000000000,Roland Murray,True,False,False
RH-949500000000000,Rick Hansen,True,False,False
CS-195000000000000,Carlos Soltero,True,False,False
PB-915000000000000,Philip Brown,True,False,False
KT-164800000000000,Kean Thornton,True,False,False
SC-102600000000000,Scott Cohen,False,True,False
YS-218800000000000,Yana Sorensen,False,True,False
JE-161650000000000,Justin Ellison,False,True,False
LP-708000000000000,Liz Pelletier,True,False,False
RB-979500000000000,Ross Baird,False,False,True
CB-120250000000000,Cassandra Brandow,True,False,False
EM-138250000000000,Elizabeth Moffitt,False,True,False
TP-114150000000000,Tom Prescott,True,False,False
MT-781500000000000,Meg Tillman,True,False,False
CH-207000000000000,Cathy Hwang,False,False,True
AH-300000000000000,Aaron Hawkins,False,True,False
EB-411000000000000,Eugene Barchas,True,False,False
PB-188050000000000,Patrick Bzostek,False,False,True
MO-780000000000000,Meg O'Connel,False,False,True
DP-300000000000000,Darren Powers,True,False,False
DS-303000000000000,Darrin Sayre,False,False,True
SB-101850000000000,Sarah Brown,True,False,False
BB-115450000000000,Brenda Bowman,False,True,False
TB-213550000000000,Todd Boyes,False,True,False
JO-555000000000000,Jesus Ocampo,False,False,True
EM-138100000000000,Eleni McCrary,False,True,False
JG-580500000000000,John Grady,False,True,False
EB-397500000000000,Erica Bern,False,True,False
AC-104200000000000,Alyssa Crouse,False,True,False
RB-197950000000000,Ross Baird,False,False,True
BF-102000000000000,Barry Französisch,False,True,False
CA-205500000000000,Cathy Armstrong,False,False,True
FO-430500000000000,Frank Olsen,True,False,False
DK-130900000000000,Dave Kipp,True,False,False
FM-438000000000000,Fred McMath,True,False,False
CP-123400000000000,Christine Phan,False,True,False
RA-994500000000000,Ryan Akin,True,False,False
HJ-487500000000000,Heather Jas,False,False,True
SW-207550000000000,Steven Ward,False,True,False
ML-182650000000000,Muhammed Lee,True,False,False
ML-775500000000000,Max Ludwig,False,False,True
AI-855000000000000,Arianne Irving,True,False,False
SL-101550000000000,Sara Luxemburg,False,False,True
KN-670500000000000,Kristina Nunn,False,False,True
KM-162250000000000,Kalyca Meade,False,True,False
BP-112900000000000,Beth Paige,True,False,False
JS-160300000000000,Joy Smith,True,False,False
EB-384000000000000,Ellis Ballard,False,True,False
VM-216850000000000,Valerie Mitchum,False,False,True
JW-160750000000000,Julia West,True,False,False
NM-185200000000000,Neoma Murray,True,False,False
EM-141400000000000,Eugene Moren,False,False,True
LL-168400000000000,Lauren Leatherbury,True,False,False
AW-840000000000000,Anthony Witt,True,False,False
RM-967500000000000,Robert Marley,False,False,True
TH-215500000000000,Tracy Hopkins,False,False,True
VG-117900000000000,Vivek Gonzalez,True,False,False
MO-795000000000000,Michael Oakman,True,False,False
MC-759000000000000,Matt Collister,False,True,False
MC-172750000000000,Marc Crier,True,False,False
CM-126550000000000,Corinna Mitchell,False,False,True
BW-111100000000000,Bart Watters,False,True,False
EB-138400000000000,Ellis Ballard,False,True,False
AF-108700000000000,Art Ferguson,True,False,False
JF-152950000000000,Jason Fortune-,True,False,False
FC-143350000000000,Fred Chung,False,True,False
HP-481500000000000,Harold Pawlan,False,False,True
EB-393000000000000,Eric Barreto,True,False,False
CA-231000000000000,Christine Abelman,False,True,False
MV-819000000000000,Mike Vittorini,True,False,False
BD-162000000000000,Brian DeCherney,True,False,False
EM-381000000000000,Eleni McCrary,False,True,False
DS-131800000000000,David Smith,False,True,False
VM-218350000000000,Vivian Mathis,True,False,False
RB-193600000000000,Raymond Buch,True,False,False
DO-364500000000000,Doug O'Connell,True,False,False
HA-149200000000000,Helen Andreada,True,False,False
TH-115500000000000,Tracy Hopkins,False,False,True
CL-118900000000000,Carl Ludwig,True,False,False
CM-238500000000000,Christopher Martinez,True,False,False
JJ-544500000000000,Jennifer Jackson,True,False,False
AR-825000000000000,Anthony Rawles,False,True,False
AS-135000000000000,Adrian Shami,False,False,True
JL-152350000000000,Janet Lee,True,False,False
AY-555000000000000,Andy Yotov,False,True,False
RO-197800000000000,Rose O'Brian,True,False,False
CV-128050000000000,Cynthia Voltz,False,True,False
MG-181450000000000,Mike Gockenbach,True,False,False
RK-930000000000000,Ralph Kennedy,True,False,False
SC-100500000000000,Sample Company A,False,False,True
CL-256500000000000,Clay Ludtke,True,False,False
PN-187750000000000,Parhena Norris,False,False,True
LH-690000000000000,Lena Hernandez,True,False,False
AS-450000000000000,Aaron Smayling,False,True,False
GH-442500000000000,Gary Hwang,True,False,False
TM-114900000000000,Tony Molinari,True,False,False
RD-948000000000000,Rick Duston,True,False,False
JH-598500000000000,Joseph Holt,True,False,False
CS-240000000000000,Christopher Schild,False,False,True
IM-507000000000000,Irene Maddox,True,False,False
JM-155350000000000,Jessica Myrick,True,False,False
LR-691500000000000,Lena Radford,True,False,False
BM-157500000000000,Brendan Murry,False,True,False
MR-175450000000000,Mathew Reese,False,False,True
TG-216400000000000,Trudy Glocke,True,False,False
FW-143950000000000,Fred Wasserman,False,True,False
RC-982500000000000,Roy Collins,True,False,False
PK-189100000000000,Paul Knutson,False,False,True
PM-191350000000000,Peter McVee,False,False,True
BP-110500000000000,Barry Pond,False,True,False
DB-132100000000000,Dean Braden,True,False,False
MH-174400000000000,Mark Haberlin,False,True,False
DM-295500000000000,Dario Medina,False,True,False
CC-122200000000000,Chris Cortes,True,False,False
SC-204400000000000,Shaun Chance,False,True,False
SP-106500000000000,Stephanie Phelps,False,True,False
DJ-342000000000000,Denny Joy,False,True,False
HW-149350000000000,Helen Wasserman,False,True,False
SV-109350000000000,Susan Vittorini,True,False,False
LC-169600000000000,Lindsay Castell,False,False,True
AS-900000000000000,Adam Shillingsburg,True,False,False
KF-628500000000000,Karen Ferguson,False,False,True
EP-391500000000000,Emily Phan,True,False,False
AH-101950000000000,Alan Haines,False,True,False
ZD-219250000000000,Zuschuss Donatelli,True,False,False
JF-153550000000000,Jay Fein,True,False,False
Co-126400000000000,Corey-Lock,True,False,False
JK-573000000000000,Joe Kamberova,True,False,False
EH-140050000000000,Erica Hernandez,False,False,True
CW-190500000000000,Carl Weiss,False,False,True
MJ-177400000000000,Max Jones,True,False,False
SE-101100000000000,Sanjit Engle,True,False,False
GM-450000000000000,Gene McClure,True,False,False
NC-185350000000000,Nick Crebassa,False,True,False
PG-188200000000000,Patrick Gardner,True,False,False
MH-180250000000000,Michelle Huthwaite,True,False,False
MM-805500000000000,Michelle Moray,True,False,False
LT-711000000000000,Liz Thompson,True,False,False
RM-193750000000000,Raymond Messe,True,False,False
AT-104350000000000,Alyssa Tate,False,False,True
SB-202900000000000,Sean Braxton,False,True,False
SC-207250000000000,Steven Cartwright,True,False,False
BS-118000000000000,Bryan Spruell,False,False,True
PB-191050000000000,Peter Bühler,True,False,False
SK-999000000000000,Sally Knutson,True,False,False
RH-196000000000000,Rob Haberlin,True,False,False
SC-107700000000000,Stewart Carmichael,False,True,False
EM-409500000000000,Eudokia Martin,False,True,False
HP-148150000000000,Harold Pawlan,False,False,True
TA-113850000000000,Tom Ashbrook,False,False,True
LB-167350000000000,Larry Blacks,True,False,False
KC-162550000000000,Karen Carlisle,False,True,False
TS-210850000000000,Thais Sissman,True,False,False
JK-612000000000000,Julie Kriz,False,False,True
MS-783000000000000,Melanie Seite,True,False,False
JE-157150000000000,Joe Elijah,True,False,False
TM-210100000000000,Tamara Manning,True,False,False
QJ-925500000000000,Quincy Jones,False,True,False
RD-199000000000000,Ruben Dartt,True,False,False
SB-201850000000000,Sarah Brown,True,False,False
SG-108900000000000,Susan Gilcrest,False,True,False
HM-149800000000000,Henry MacAllister,True,False,False
RB-957000000000000,Rob Beeghly,True,False,False
JF-556500000000000,Jill Fjeld,True,False,False
AC-660000000000000,Anna Chung,True,False,False
RD-981000000000000,Ross DeVincentis,False,False,True
PO-188650000000000,Patrick O'Donnell,True,False,False
GG-465000000000000,Greg Guthrie,False,True,False
AP-915000000000000,Arthur Prichep,True,False,False
AA-104800000000000,Andrew Allen,True,False,False
BD-160500000000000,Brian Dahlen,True,False,False
CB-124150000000000,Christy Brittain,True,False,False
KH-669000000000000,Kristen Hastings,False,True,False
SH-206350000000000,Stefanie Holloman,False,True,False
EB-141700000000000,Evan Bailliet,True,False,False
EH-394500000000000,Eric Hoffmann,True,False,False
FC-142450000000000,Frank Carlisle,False,False,True
GT-463500000000000,Grant Thornton,False,True,False
AG-109000000000000,Arthur Gainer,True,False,False
SO-203350000000000,Sean O'Donnell,True,False,False
EH-139900000000000,Erica Hackney,True,False,False
JR-157000000000000,Jocasta Rupert,True,False,False
SV-108150000000000,Stuart Van,False,True,False
AJ-107950000000000,Anthony Johnson,False,True,False
PM-913500000000000,Peter McVee,False,False,True
CV-122950000000000,Christina VanderZanden,True,False,False
AR-105100000000000,Andrew Roberts,True,False,False
MS-753000000000000,MaryBeth Skach,True,False,False
Dl-136000000000000,Dorris liebe,False,True,False
DG-133000000000000,Deirdre Greer,False,True,False
JC-577500000000000,John Castell,True,False,False
SV-209350000000000,Susan Vittorini,True,False,False
ZD-119250000000000,Zuschuss Donatelli,True,False,False
JJ-576000000000000,Joel Jenkins,False,False,True
MC-763500000000000,Matthew Clasen,False,True,False
PB-921000000000000,Phillip Breyer,False,True,False
GM-144400000000000,Gary McGarr,True,False,False
SD-104850000000000,Shirley Daniels,False,False,True
JG-516000000000000,James Galang,True,False,False
PC-874500000000000,Pamela Coakley,False,True,False
JK-609000000000000,Juliana Krohn,True,False,False
JD-157900000000000,John Dryer,True,False,False
FH-435000000000000,Fred Harton,True,False,False
RM-197500000000000,Roland Murray,True,False,False
TS-216550000000000,Trudy Schmidt,True,False,False
EB-417000000000000,Evan Bailliet,True,False,False
AG-300000000000000,Aleksandra Gannaway,False,True,False
PL-892500000000000,Paul Lucas,False,False,True
SJ-202150000000000,Sarah Jordon,True,False,False
LS-169450000000000,Linda Southworth,False,True,False
JF-549000000000000,Jeremy Farry,True,False,False
TS-114300000000000,Tom Stivers,False,True,False
DR-129400000000000,Daniel Raglin,False,False,True
GK-462000000000000,Grace Kelly,False,True,False
AG-675000000000000,Anna Gayman,True,False,False
AA-480000000000000,Andrew Allen,True,False,False
Dp-324000000000000,Dean percer,False,False,True
SG-100800000000000,Sandra Glassco,True,False,False
MG-178900000000000,Michael Granlund,False,False,True
AW-930000000000000,Arthur Wiediger,False,False,True
FW-439500000000000,Fred Wasserman,False,True,False
JK-161200000000000,Julie Kriz,False,False,True
PJ-190150000000000,Pauline Johnson,True,False,False
MF-766500000000000,Maureen Fritzler,False,True,False
JG-511500000000000,Jack Garza,True,False,False
KB-631500000000000,Karl Braun,True,False,False
SG-208900000000000,Susan Gilcrest,False,True,False
TT-214600000000000,Tonja Turnell,False,False,True
BM-116500000000000,Brian Moss,False,True,False
KL-664500000000000,Ken Lonsdale,True,False,False
BG-174000000000000,Bruce Geld,True,False,False
MC-760500000000000,Matt Connell,False,True,False
IL-151000000000000,Ivan Liston,True,False,False
JP-161350000000000,Julie Prescott,False,False,True
BF-112750000000000,Beth Fritzler,False,True,False
SS-205150000000000,Shirley Schmidt,False,False,True
KH-163300000000000,Katharine Harms,False,True,False
SF-200650000000000,Sandra Flanagan,True,False,False
NH-186100000000000,Nicole Hansen,False,True,False
RR-931500000000000,Ralph Ritter,True,False,False
GT-146350000000000,Grant Thornton,False,True,False
AS-630000000000000,Ann Steele,False,False,True
VM-116850000000000,Valerie Mitchum,False,False,True
DB-131200000000000,David Bremer,False,True,False
MG-820500000000000,Mitch Gastineau,False,True,False
MP-174700000000000,Mark Packer,False,False,True
TP-111300000000000,Theone Pippenger,True,False,False
MA-175600000000000,Matt Abelman,False,False,True
JE-547500000000000,Jeremy Ellison,True,False,False
DB-366000000000000,Duane Benoit,True,False,False
CC-267000000000000,Craig Carreira,True,False,False
CC-123700000000000,Christopher Conant,True,False,False
CS-235500000000000,Christine Sundaresam,True,False,False
PF-192250000000000,Phillip Flathmann,True,False,False
RO-978000000000000,Rose O'Brian,True,False,False
JE-571500000000000,Joe Elijah,True,False,False
CL-270000000000000,Craig Leslie,False,False,True
PJ-883500000000000,Patrick Jones,False,True,False
CC-214500000000000,Charles Crestani,True,False,False
TB-212800000000000,Toby Braunhardt,True,False,False
AG-525000000000000,Andy Gerbode,False,True,False
SR-104250000000000,Sharelle Roach,False,False,True
JD-601500000000000,Joy Daniels,True,False,False
BW-111000000000000,Bart Watters,False,True,False
ES-140200000000000,Erica Smith,True,False,False
DB-135550000000000,Dorothy Badders,False,True,False
RE-940500000000000,Ricardo Emerson,True,False,False
EP-139150000000000,Emily Phan,True,False,False
AJ-780000000000000,Anthony Jacobs,False,True,False
CB-125350000000000,Claudia Bergmann,False,True,False
BT-168000000000000,Brian Thompson,True,False,False
AR-105700000000000,Anemone Ratner,True,False,False
AA-103150000000000,Alex Avila,True,False,False
BC-111250000000000,Becky Castell,False,False,True
CH-120700000000000,Cathy Hwang,False,False,True
LC-705000000000000,Liz Carlisle,True,False,False
NK-849000000000000,Neil Knudson,False,False,True
JG-151150000000000,Jack Garza,True,False,False
JG-151600000000000,James Galang,True,False,False
AH-105850000000000,Angele Hood,True,False,False
BG-103500000000000,Barry Gonzalez,True,False,False
MM-180550000000000,Michelle Moray,True,False,False
DC-285000000000000,Dan Campbell,True,False,False
JS-156850000000000,Jim Sink,False,True,False
CV-280500000000000,Cynthia Voltz,False,True,False
KW-164350000000000,Katrina Willman,True,False,False
DS-318000000000000,David Smith,False,True,False
CD-228000000000000,Christina DeMoss,True,False,False
MC-784500000000000,Michael Chen,True,False,False
RD-993000000000000,Russell D'Ascenzo,True,False,False
SB-201700000000000,Sarah Bern,True,False,False
MH-744000000000000,Mark Haberlin,False,True,False
BO-142500000000000,Bobby Odegard,True,False,False
KC-166750000000000,Kimberly Carter,False,True,False
BF-100500000000000,Barry Franz,False,False,True
MC-757500000000000,Matt Collins,True,False,False
JK-537000000000000,Jay Kimmel,True,False,False
BT-139500000000000,Bill Tyler,False,True,False
KM-163750000000000,Katherine Murray,False,False,True
JF-154150000000000,Jennifer Ferguson,True,False,False
MC-181000000000000,Mick Crebagga,True,False,False
EM-140650000000000,Erin Mull,True,False,False
TB-112500000000000,Tim Brockman,True,False,False
KL-165550000000000,Kelly Lampkin,False,True,False
JF-541500000000000,Jennifer Ferguson,True,False,False
DB-130600000000000,Dave Brooks,True,False,False
AS-100900000000000,Adam Shillingsburg,True,False,False
LW-172150000000000,Luke Weiss,True,False,False
RP-193900000000000,Resi Pölking,True,False,False
JK-562500000000000,Jim Karlsson,True,False,False
AH-750000000000000,Adam Hart,False,True,False
ZC-219100000000000,Zuschuss Carroll,True,False,False
TC-211450000000000,Theresa Coyne,False,True,False
SC-106950000000000,Steve Chapman,False,True,False
JM-158650000000000,John Murray,True,False,False
SA-208300000000000,Sue Ann Reed,True,False,False
VP-217600000000000,Victoria Pisteka,False,True,False
IG-150850000000000,Ivan Gibson,True,False,False
MC-176350000000000,Matthew Clasen,False,True,False
BT-113050000000000,Beth Thompson,False,False,True
TT-114600000000000,Tonja Turnell,False,False,True
EH-139450000000000,Eric Hoffmann,True,False,False
MC-178450000000000,Michael Chen,True,False,False
MS-175300000000000,MaryBeth Skach,True,False,False
LD-700500000000000,Lisa DeCherney,True,False,False
RB-964500000000000,Robert Barroso,False,True,False
LM-170650000000000,Liz MacKendrick,True,False,False
CK-232500000000000,Christine Kargatis,False,False,True
KN-164500000000000,Kean Nguyen,False,True,False
PG-188950000000000,Paul Gonzalez,True,False,False
CW-119050000000000,Carl Weiss,False,False,True
MZ-751500000000000,Mary Zewe,False,True,False
SC-100950000000000,Sanjit Chand,True,False,False
GH-144250000000000,Gary Hwang,True,False,False
RD-195850000000000,Rob Dowd,True,False,False
BS-159000000000000,Brendan Sweed,False,True,False
CA-196500000000000,Carol Adams,False,True,False
MB-173050000000000,Maria Bertelson,True,False,False
BS-180000000000000,Bryan Spruell,False,False,True
RW-195400000000000,Rick Wilson,False,True,False
LO-717000000000000,Lori Olson,False,True,False
SZ-200350000000000,Sam Zeldin,False,False,True
SB-101700000000000,Sarah Bern,True,False,False
EL-137350000000000,Ed Ludwig,False,False,True
AB-101500000000000,Aimee Bixby,True,False,False
AB-600000000000000,Ann Blume,False,True,False
JE-156100000000000,Jim Epp,False,True,False
SC-208450000000000,Sung Chung,True,False,False
IM-150700000000000,Irene Maddox,True,False,False
SF-100650000000000,Sandra Flanagan,True,False,False
JF-154900000000000,Jeremy Farry,True,False,False
PH-879000000000000,Patricia Hirasaki,False,False,True
IG-508500000000000,Ivan Gibson,True,False,False
AB-150000000000000,Aaron Bergman,True,False,False
CS-121300000000000,Chad Sievert,True,False,False
HD-147850000000000,Harold Dahlen,False,False,True
EB-139750000000000,Erica Bern,False,True,False
DM-130150000000000,Darrin Martin,True,False,False
TS-214300000000000,Tom Stivers,False,True,False
SC-107250000000000,Steven Cartwright,True,False,False
SF-209650000000000,Sylvia Foulston,False,True,False
BF-109750000000000,Barbara Fisher,False,True,False
ML-180400000000000,Michelle Lonsdale,False,True,False
DW-319500000000000,David Wiener,False,True,False
KC-165400000000000,Kelly Collister,True,False,False
JO-528000000000000,Jas O'Carroll,True,False,False
MD-173500000000000,Maribeth Dona,True,False,False
DJ-135100000000000,Don Jones,False,True,False
FM-143800000000000,Fred McMath,True,False,False
SV-103650000000000,Seth Vernon,True,False,False
AA-645000000000000,Anna Andreadi,True,False,False
KN-645000000000000,Kean Nguyen,False,True,False
SF-102000000000000,Sarah Foster,True,False,False
BK-112600000000000,Berenike Kampe,True,False,False
MZ-173350000000000,Maria Zettner,False,False,True
SC-104400000000000,Shaun Chance,False,True,False
LC-170500000000000,Liz Carlisle,True,False,False
HG-502500000000000,Hunter Glantz,True,False,False
EH-418500000000000,Evan Henry,True,False,False
LL-684000000000000,Lauren Leatherbury,True,False,False
TG-116400000000000,Trudy Glocke,True,False,False
JS-603000000000000,Joy Smith,True,False,False
DL-349500000000000,Dionis Lloyd,False,True,False
BP-129000000000000,Beth Paige,True,False,False
KH-663000000000000,Ken Heidel,False,True,False
CM-265500000000000,Corinna Mitchell,False,False,True
DM-135250000000000,Don Miller,False,True,False
MV-174850000000000,Mark Van Huff,True,False,False
MD-735000000000000,Maribeth Dona,True,False,False
LW-169900000000000,Lindsay Williams,False,True,False
DL-286500000000000,Dan Lawera,True,False,False
AB-105000000000000,Adrian Barton,True,False,False
CS-121750000000000,Charles Sheldon,False,True,False
TM-110100000000000,Tamara Manning,True,False,False
CM-181500000000000,Candace McMahon,False,True,False
DJ-134200000000000,Denny Joy,False,True,False
AZ-107500000000000,Annie Zypern,True,False,False
TH-112350000000000,Tiffany House,False,True,False
KD-163450000000000,Katherine Ducich,True,False,False
RE-194050000000000,Ricardo Emerson,True,False,False
ML-173950000000000,Marina Lichtenstein,False,True,False
MC-742500000000000,Mark Cousins,False,True,False
FM-142900000000000,Frank Merwin,False,False,True
HM-486000000000000,Harry Marie,False,True,False
AR-104050000000000,Allen Rosenblatt,False,True,False
AJ-945000000000000,Ashley Jarboe,True,False,False
GM-444000000000000,Gary McGarr,True,False,False
KB-166000000000000,Ken Brennan,False,True,False
LH-171550000000000,Logan Haushalter,True,False,False
MK-790500000000000,Michael Kennedy,False,True,False
PW-190300000000000,Pauline Webber,False,True,False
RB-193300000000000,Randy Bradley,True,False,False
BD-177000000000000,Bryan Davis,True,False,False
VG-218050000000000,Vivek Grady,False,True,False
DL-133300000000000,Denise Leinenbach,True,False,False
DL-331500000000000,Delfina Latchford,True,False,False
LC-696000000000000,Lindsay Castell,False,False,True
NM-844500000000000,Nathan Mautz,False,False,True
BF-975000000000000,Barbara Fisher,False,True,False
CM-244500000000000,Chuck Magee,True,False,False
MK-181600000000000,Mike Kennedy,True,False,False
KH-636000000000000,Katherine Hughes,True,False,False
BT-130500000000000,Beth Thompson,False,False,True
RK-193000000000000,Ralph Kennedy,True,False,False
JL-523500000000000,Janet Lee,True,False,False
CP-234000000000000,Christine Phan,False,True,False
BV-112450000000000,Benjamin Venier,False,True,False
RW-969000000000000,Robert Waldorf,True,False,False
LP-170950000000000,Liz Preis,True,False,False
MW-182200000000000,Mitch Webber,True,False,False
BG-117400000000000,Bruce Geld,True,False,False
VW-117750000000000,Victoria Wilson,False,True,False
JH-161800000000000,Justin Hirsh,True,False,False
GA-451500000000000,George Ashbrook,True,False,False
MO-178000000000000,Meg O'Connel,False,False,True
ML-739500000000000,Marina Lichtenstein,False,True,False
CR-127300000000000,Craig Reiter,True,False,False
JR-567000000000000,Jim Radford,True,False,False
TB-111900000000000,Thomas Brumley,False,False,True
CM-118150000000000,Candace McMahon,False,True,False
JD-160600000000000,Julia Dunbar,True,False,False
DW-358500000000000,Dorothy Wardle,False,True,False
VB-217450000000000,Victoria Brennan,False,True,False
BT-116800000000000,Brian Thompson,True,False,False
RH-195100000000000,Rick Huthwaite,False,False,True
DB-327000000000000,Deborah Brumfield,False,False,True
CS-123550000000000,Christine Sundaresam,True,False,False
DB-132700000000000,Deborah Brumfield,False,False,True
MH-745500000000000,Mark Hamilton,True,False,False
JL-517500000000000,James Lanier,False,False,True
DB-312000000000000,David Bremer,False,True,False
AZ-750000000000000,Annie Zypern,True,False,False
JD-579000000000000,John Dryer,True,False,False
VS-118200000000000,Vivek Sundaresam,True,False,False
NW-840000000000000,Natalie Webber,True,False,False
ES-408000000000000,Erin Smith,False,True,False
CK-125950000000000,Clytie Kelty,True,False,False
RD-990000000000000,Ruben Dartt,True,False,False
PG-889500000000000,Paul Gonzalez,True,False,False
JJ-154450000000000,Jennifer Jackson,True,False,False
DL-134950000000000,Dionis Lloyd,False,True,False
GG-146500000000000,Greg Guthrie,False,True,False
CC-255000000000000,Clay Cheatham,True,False,False
PM-189400000000000,Paul MacIntyre,True,False,False
CS-125050000000000,Cindy Stewart,True,False,False
CK-127600000000000,Cyma Kinney,False,True,False
AH-104650000000000,Amy Hunt,True,False,False
TD-109950000000000,Tamara Dahlen,True,False,False
JJ-157600000000000,Joel Jenkins,False,False,True
CS-213000000000000,Chad Sievert,True,False,False
EB-375000000000000,Edward Becker,False,True,False
AB-150000000000000,Aimee Bixby,True,False,False
SC-202300000000000,Scot Coram,False,True,False
RD-194800000000000,Rick Duston,True,False,False
BW-112000000000000,Ben Wallace,True,False,False
SW-202750000000000,Scott Williamson,True,False,False
SC-100200000000000,Sam Craven,True,False,False
EH-376500000000000,Edward Hooks,False,True,False
RF-934500000000000,Randy Ferguson,False,True,False
AG-103300000000000,Alex Grayson,True,False,False
SH-997500000000000,Sally Hughsby,False,True,False
DB-340500000000000,Denny Blanton,True,False,False
DP-316500000000000,David Philippe,True,False,False
HH-501000000000000,Hilary Holden,False,True,False
EM-142000000000000,Evan Minnotte,False,False,True
TT-212650000000000,Tim Taslimi,False,True,False
NP-868500000000000,Nora Pelletier,False,False,True
TA-213850000000000,Tom Ashbrook,False,False,True
PF-922500000000000,Phillip Flathmann,True,False,False
JK-156400000000000,Jim Kriz,False,False,True
CK-123250000000000,Christine Kargatis,False,False,True
JH-591000000000000,Jonathan Howell,True,False,False
CY-274500000000000,Craig Yedwab,False,True,False
BH-117100000000000,Brosina Hoffman,True,False,False
DN-136900000000000,Duane Noonan,True,False,False
BF-121500000000000,Benjamin Farhat,False,False,True
KM-622500000000000,Kalyca Meade,False,True,False
QJ-192550000000000,Quincy Jones,False,True,False
KN-167050000000000,Kristina Nunn,False,False,True
KH-651000000000000,Keith Herrera,True,False,False
FH-436500000000000,Fred Hopkins,False,True,False
PF-916500000000000,Philip Fox,True,False,False
JG-158050000000000,John Grady,False,True,False
YC-218950000000000,Yoseph Carroll,False,True,False
HF-149950000000000,Herbert Flentye,True,False,False
NP-183250000000000,Naresj Patel,True,False,False
TH-211150000000000,Thea Hudgings,False,True,False
AP-109150000000000,Arthur Prichep,True,False,False
DB-134050000000000,Denny Blanton,True,False,False
BT-144000000000000,Bobby Trafton,True,False,False
SK-199900000000000,Sally Knutson,True,False,False
BM-115750000000000,Brendan Murry,False,True,False
FP-432000000000000,Frank Preis,True,False,False
AF-885000000000000,Art Foster,True,False,False
RA-199450000000000,Ryan Akin,True,False,False
DK-315000000000000,David Kendrick,False,True,False
VP-117600000000000,Victoria Pisteka,False,True,False
XP-118650000000000,Xylona Preis,True,False,False
JS-159400000000000,Joni Sundaresam,False,False,True
LS-694500000000000,Linda Southworth,False,True,False
RF-193450000000000,Randy Ferguson,False,True,False
CC-222000000000000,Chris Cortes,True,False,False
TZ-214450000000000,Tom Zandusky,False,True,False
KH-166900000000000,Kristen Hastings,False,True,False
ME-180100000000000,Michelle Ellison,False,True,False
RB-946500000000000,Rick Bensley,False,False,True
DK-128950000000000,Dana Kaydos,True,False,False
TH-211000000000000,Thea Hendricks,True,False,False
JS-155950000000000,Jill Stevenson,False,True,False
RB-936000000000000,Raymond Buch,True,False,False
FG-142600000000000,Frank Gastineau,False,False,True
DW-135400000000000,Don Weiss,True,False,False
HK-148900000000000,Heather Kirkland,False,True,False
AW-108400000000000,Anthony Witt,True,False,False
MC-174250000000000,Mark Cousins,False,True,False
RB-197050000000000,Roger Barcio,False,False,True
VD-116700000000000,Valerie Dominguez,True,False,False
PR-188800000000000,Patrick Ryan,True,False,False
JD-160150000000000,Joy Daniels,True,False,False
DE-325500000000000,Deanra Eno,False,False,True
CJ-187500000000000,Carl Jackson,False,True,False
CM-219000000000000,Charlotte Melton,True,False,False
PS-190450000000000,Penelope Sewall,False,False,True
AT-735000000000000,Annie Thurman,True,False,False
GM-469500000000000,Greg Maxwell,False,True,False
SS-205900000000000,Sonia Sunley,True,False,False
JD-606000000000000,Julia Dunbar,True,False,False
CD-279000000000000,Cynthia Delaney,False,False,True
PN-877500000000000,Parhena Norris,False,False,True
PO-918000000000000,Philisse Overcash,False,False,True
XP-218650000000000,Xylona Preis,True,False,False
GM-145000000000000,Gene McClure,True,False,False
AR-103450000000000,Alex Russell,False,True,False
BP-112300000000000,Benjamin Patterson,True,False,False
SC-208000000000000,Stuart Calhoun,True,False,False
JF-535500000000000,Jay Fein,True,False,False
TT-112650000000000,Tim Taslimi,False,True,False
EB-139300000000000,Eric Barreto,True,False,False
CT-119950000000000,Carol Triggs,True,False,False
PO-188500000000000,Patrick O'Brill,True,False,False
VT-117000000000000,Valerie Takahito,False,False,True
LT-676500000000000,Larry Tron,True,False,False
MG-787500000000000,Michael Grace,False,False,True
RS-987000000000000,Roy Skaria,False,False,True
MS-798000000000000,Michael Stewart,False,True,False
LW-721500000000000,Luke Weiss,True,False,False
NF-859500000000000,Nicole Fjeld,False,False,True
JC-161050000000000,Julie Creighton,False,True,False
TN-210400000000000,Tanja Norvell,False,False,True
TS-213700000000000,Todd Sumrall,False,True,False
BT-114850000000000,Brad Thomas,False,False,True
CM-124450000000000,Chuck Magee,True,False,False
RR-952500000000000,Rick Reed,False,True,False
SG-204700000000000,Sheri Gordon,True,False,False
EM-140950000000000,Eudokia Martin,False,True,False
AC-104500000000000,Amy Cox,True,False,False
JB-604500000000000,Julia Barnett,False,False,True
HM-148600000000000,Harry Marie,False,True,False
BV-124500000000000,Benjamin Venier,False,True,False
MG-789000000000000,Michael Granlund,False,False,True
KM-637500000000000,Katherine Murray,False,False,True
CL-125650000000000,Clay Ludtke,True,False,False
CB-202500000000000,Cassandra Brandow,True,False,False
AA-106450000000000,Anna Andreadi,True,False,False
CK-259500000000000,Clytie Kelty,True,False,False
CC-121450000000000,Charles Crestani,True,False,False
TP-214150000000000,Tom Prescott,True,False,False
KW-657000000000000,Kelly Williams,True,False,False
CS-118450000000000,Cari Sayre,False,True,False
SV-107850000000000,Stewart Visinsky,True,False,False
SP-209200000000000,Susan Pistek,True,False,False
Dl-360000000000000,Dorris liebe,False,True,False
NS-186400000000000,Noel Staavos,False,True,False
AR-540000000000000,Andy Reiter,True,False,False
SC-108000000000000,Stuart Calhoun,True,False,False
VF-217150000000000,Vicky Freymann,False,False,True
RB-194350000000000,Richard Bierner,True,False,False
SS-108750000000000,Sung Shariari,True,False,False
FG-426000000000000,Frank Gastineau,False,False,True
PF-191650000000000,Philip Fox,True,False,False
BS-113800000000000,Bill Stewart,False,True,False
SJ-205000000000000,Shirley Jackson,True,False,False
MG-765000000000000,Matthew Grinstein,False,False,True
DV-134650000000000,Dianna Vittorini,True,False,False
KW-643500000000000,Katrina Willman,True,False,False
DK-309000000000000,Dave Kipp,True,False,False
NL-831000000000000,Nancy Lomonaco,False,False,True
PL-189250000000000,Paul Lucas,False,False,True
VS-218200000000000,Vivek Sundaresam,True,False,False
SS-208750000000000,Sung Shariari,True,False,False
BF-111700000000000,Ben Ferrer,False,False,True
DB-336000000000000,Dennis Bolton,False,False,True
BT-148500000000000,Brad Thomas,False,False,True
SC-203800000000000,Shahid Collister,True,False,False
EA-403500000000000,Erin Ashbrook,False,True,False
LB-679500000000000,Laurel Beltran,False,False,True
AB-101050000000000,Adrian Barton,True,False,False
DL-333000000000000,Denise Leinenbach,True,False,False
CD-127900000000000,Cynthia Delaney,False,False,True
KD-162700000000000,Karen Daniels,True,False,False
LW-712500000000000,Liz Willingham,True,False,False
JL-151300000000000,Jack Lebron,True,False,False
JR-570000000000000,Jocasta Rupert,True,False,False
LT-167650000000000,Larry Tron,True,False,False
CD-119200000000000,Carlos Daly,True,False,False
JF-155650000000000,Jill Fjeld,True,False,False
KD-661500000000000,Ken Dana,False,True,False
AC-106600000000000,Anna Chung,True,False,False
JB-540000000000000,Jennifer Braxton,False,True,False
ED-138850000000000,Emily Ducich,False,False,True
CC-121000000000000,Chad Cunningham,False,False,True
CG-252000000000000,Claire Gute,True,False,False
KW-165700000000000,Kelly Williams,True,False,False
RD-966000000000000,Robert Dilbeck,False,False,True
DM-334500000000000,Denise Monton,False,True,False
MT-807000000000000,Michelle Tran,False,False,True
EN-378000000000000,Edward Nazzal,True,False,False
CC-243000000000000,Chuck Clark,False,False,True
MF-182500000000000,Monica Federle,False,True,False
SS-101400000000000,Saphhira Shifley,False,True,False
FM-142150000000000,Filia McAdams,False,True,False
GH-144100000000000,Gary Hansen,False,False,True
GB-453000000000000,George Bell,False,True,False
DK-283500000000000,Damala Kotsonis,False,True,False
KB-163150000000000,Karl Braun,True,False,False
JC-610500000000000,Julie Creighton,False,True,False
AJ-795000000000000,Anthony Johnson,False,True,False
HL-504000000000000,Hunter Lopez,True,False,False
MP-181750000000000,Mike Pelletier,False,False,True
BT-114400000000000,Bobby Trafton,True,False,False
NG-184300000000000,Nathan Gelder,True,False,False
CA-277500000000000,Cynthia Arntzen,True,False,False
DA-345000000000000,Dianna Arnett,False,False,True
PH-187900000000000,Patricia Hirasaki,False,False,True
LE-168100000000000,Laurel Elliston,True,False,False
GH-441000000000000,Gary Hansen,False,False,True
KN-163900000000000,Katherine Nockton,False,True,False
EH-141850000000000,Evan Henry,True,False,False
CA-120550000000000,Cathy Armstrong,False,False,True
NB-186550000000000,Nona Balk,False,True,False
AR-108250000000000,Anthony Rawles,False,True,False
CA-122650000000000,Christina Anderson,True,False,False
DD-357000000000000,Dorothy Dickinson,True,False,False
MN-793500000000000,Michael Nguyen,True,False,False
TS-110850000000000,Thais Sissman,True,False,False
DK-131500000000000,David Kendrick,False,True,False
PO-886500000000000,Patrick O'Donnell,True,False,False
SU-106650000000000,Stephanie Ulpright,False,False,True
RD-198100000000000,Ross DeVincentis,False,False,True
BT-153000000000000,Bradley Talbott,False,False,True
RA-928500000000000,Ralph Arnett,True,False,False
DB-129700000000000,Darren Budd,False,True,False
LC-171400000000000,Logan Currie,True,False,False
PK-891000000000000,Paul Knutson,False,False,True
TM-214900000000000,Tony Molinari,True,False,False
MC-176050000000000,Matt Connell,False,True,False
GA-147250000000000,Guy Armstrong,True,False,False
VD-216700000000000,Valerie Dominguez,True,False,False
RW-963000000000000,Rob Williams,False,True,False
FM-421500000000000,Filia McAdams,False,True,False
SJ-201250000000000,Sanjit Jacobs,False,False,True
MH-802500000000000,Michelle Huthwaite,True,False,False
KF-162850000000000,Karen Ferguson,False,False,True
JD-589500000000000,Jonathan Doherty,False,True,False
BG-116950000000000,Brooke Gillingham,False,True,False
SP-106200000000000,Stefania Perrino,False,True,False
TB-113550000000000,Todd Boyes,False,True,False
NP-867000000000000,Nora Paige,True,False,False
PT-190900000000000,Pete Takahito,True,False,False
JW-595500000000000,Joni Wasserman,True,False,False
TC-112950000000000,Toby Carlisle,True,False,False
GT-475500000000000,Guy Thornton,True,False,False
RD-197200000000000,Roger Demir,True,False,False
NF-847500000000000,Neil Französisch,False,False,True
PA-906000000000000,Pete Armstrong,False,False,True
BE-141000000000000,Bobby Elias,True,False,False
DL-128650000000000,Dan Lawera,True,False,False
AO-108100000000000,Anthony O'Donnell,False,True,False
GM-144550000000000,Gary Mitchum,False,False,True
CG-125200000000000,Claire Gute,True,False,False
SH-203950000000000,Shahid Hopkins,True,False,False
BN-115150000000000,Bradley Nguyen,True,False,False
AH-100750000000000,Adam Hart,False,True,False
KT-164650000000000,Kean Takahito,True,False,False
MH-762000000000000,Matt Hagelstein,False,True,False
EL-373500000000000,Ed Ludwig,False,False,True
DL-129250000000000,Daniel Lacy,True,False,False
AS-102250000000000,Alan Schoenberger,False,True,False
LA-167800000000000,Laura Armstrong,False,True,False
LR-703500000000000,Lisa Ryan,False,True,False
DB-291000000000000,Daniel Byrd,False,False,True
GW-460500000000000,Giulietta Weimer,True,False,False
NP-832500000000000,Naresj Patel,True,False,False
CB-241500000000000,Christy Brittain,True,False,False
JK-520500000000000,Jamie Kunitz,True,False,False
KA-165250000000000,Kelly Andreada,True,False,False
BS-175500000000000,Bruce Stewart,True,False,False
JF-529500000000000,Jason Fortune-,True,False,False
DC-132850000000000,Debra Catini,True,False,False
SF-202000000000000,Sarah Foster,True,False,False
CM-193500000000000,Carlos Meador,True,False,False
KB-162400000000000,Karen Bern,False,True,False
PO-191950000000000,Phillina Ober,False,False,True
HG-149650000000000,Henry Goldwyn,False,True,False
NZ-856500000000000,Nick Zandusky,False,False,True
ZC-119100000000000,Zuschuss Carroll,True,False,False
ML-741000000000000,Maris LaWare,True,False,False
GB-145750000000000,Giulietta Baptist,True,False,False
TS-116100000000000,Troy Staebel,True,False,False
IL-510000000000000,Ivan Liston,True,False,False
PV-189850000000000,Paul Van Hugh,False,False,True
LW-168250000000000,Laurel Workman,False,True,False
MS-173650000000000,Maribeth Schnelling,True,False,False
BP-110950000000000,Bart Pistole,False,True,False
MS-177700000000000,Maxwell Schwartz,True,False,False
HJ-148750000000000,Heather Jas,False,False,True
LW-682500000000000,Laurel Workman,False,True,False
BS-117550000000000,Bruce Stewart,True,False,False
EK-137950000000000,Eileen Kiefer,False,False,True
TS-213400000000000,Toby Swindell,True,False,False
CP-208500000000000,Cathy Prescott,False,True,False
GR-456000000000000,Georgia Rosenberg,False,True,False
JM-565500000000000,Jim Mitchum,False,True,False
EJ-137200000000000,Ed Jacobs,True,False,False
JB-154000000000000,Jennifer Braxton,False,True,False
BP-118500000000000,Ben Peterman,False,True,False
RD-196600000000000,Robert Dilbeck,False,False,True
BF-127500000000000,Beth Fritzler,False,True,False
MC-175900000000000,Matt Collister,False,True,False
PS-189700000000000,Paul Stevenson,False,False,True
RP-198550000000000,Roy Phan,False,True,False
AF-108850000000000,Art Foster,True,False,False
SC-200500000000000,Sample Company A,False,False,True
DF-313500000000000,David Flashing,True,False,False
BC-112500000000000,Becky Castell,False,False,True
SP-206200000000000,Stefania Perrino,False,True,False
AH-195000000000000,Alan Haines,False,True,False
DH-130750000000000,Dave Hallsten,False,True,False
SS-201400000000000,Saphhira Shifley,False,True,False
MP-747000000000000,Mark Packer,False,False,True
AC-420000000000000,Alyssa Crouse,False,True,False
AG-765000000000000,Anthony Garverick,False,False,True
JH-154300000000000,Jennifer Halladay,True,False,False
TB-210550000000000,Ted Butterfield,True,False,False
ER-138550000000000,Elpida Rittenbach,False,True,False
CC-124750000000000,Cindy Chapman,True,False,False
KS-630000000000000,Karen Seio,False,True,False
JF-151900000000000,Jamie Frazer,True,False,False
KC-625500000000000,Karen Carlisle,False,True,False
LC-714000000000000,Logan Currie,True,False,False
KD-634500000000000,Katherine Ducich,True,False,False
RB-933000000000000,Randy Bradley,True,False,False
PA-190600000000000,Pete Armstrong,False,False,True
AD-101800000000000,Alan Dominguez,False,False,True
GK-146200000000000,Grace Kelly,False,True,False
LR-169150000000000,Lena Radford,True,False,False
JD-161500000000000,Justin Deggeller,False,True,False
TC-209800000000000,Tamara Chand,False,True,False
SW-102750000000000,Scott Williamson,True,False,False
RR-195250000000000,Rick Reed,False,True,False
MM-179200000000000,Michael Moore,True,False,False
DW-135850000000000,Dorothy Wardle,False,True,False
CS-119500000000000,Carlos Soltero,True,False,False
LT-171100000000000,Liz Thompson,True,False,False
CC-237000000000000,Christopher Conant,True,False,False
NG-183550000000000,Nat Gilpin,False,True,False
PC-190000000000000,Pauline Chand,False,False,True
BF-117000000000000,Ben Ferrer,False,False,True
GZ-144700000000000,Gary Zandusky,True,False,False
CA-119650000000000,Carol Adams,False,True,False
JM-525000000000000,Janet Martin,True,False,False
JG-153100000000000,Jason Gross,False,True,False
VF-117150000000000,Vicky Freymann,False,False,True
HR-483000000000000,Harold Ryan,False,True,False
LC-693000000000000,Linda Cazamias,False,True,False
CC-261000000000000,Corey Catlett,False,True,False
JM-586500000000000,John Murray,True,False,False
JE-157450000000000,Joel Eaton,True,False,False
TZ-115800000000000,Tracy Zic,True,False,False
RW-196300000000000,Rob Williams,False,True,False
TB-115950000000000,Troy Blackwell,True,False,False
SH-103950000000000,Shahid Hopkins,True,False,False
AG-107650000000000,Anthony Garverick,False,False,True
AI-108550000000000,Arianne Irving,True,False,False
AB-165000000000000,Alan Barnes,True,False,False
LS-172300000000000,Lycoris Saunders,True,False,False
JB-592500000000000,Joni Blumstein,True,False,False
FP-143200000000000,Frank Preis,True,False,False
EC-140500000000000,Erin Creighton,True,False,False
DP-131650000000000,David Philippe,True,False,False
AB-101650000000000,Alan Barnes,True,False,False
LH-675000000000000,Larry Hughes,True,False,False
TS-115050000000000,Tony Sayre,True,False,False
SW-104550000000000,Shaun Weien,True,False,False
CC-126700000000000,Craig Carreira,True,False,False
AB-100600000000000,Adam Bellavance,False,False,True
AA-315000000000000,Alex Avila,True,False,False
GP-474000000000000,Guy Phonely,False,True,False
JB-600000000000000,Joy Bell-,True,False,False
TB-215200000000000,Tracy Blumstein,True,False,False
TZ-114450000000000,Tom Zandusky,False,True,False
SP-108600000000000,Sung Pak,False,True,False
BW-110650000000000,Barry Weirich,True,False,False
KC-667500000000000,Kimberly Carter,False,True,False
BN-114700000000000,Brad Norvell,False,True,False
TB-112800000000000,Toby Braunhardt,True,False,False
AH-100300000000000,Aaron Hawkins,False,True,False
JC-538500000000000,Jenna Caffey,True,False,False
CM-121600000000000,Charles McCrossin,True,False,False
ST-105300000000000,Shui Tom,True,False,False
KD-649500000000000,Keith Dawkins,False,True,False
SH-106350000000000,Stefanie Holloman,False,True,False
CC-210000000000000,Chad Cunningham,False,False,True
TB-216250000000000,Trudy Brown,True,False,False
AA-103750000000000,Allen Armold,True,False,False
KS-163000000000000,Karen Seio,False,True,False
SW-102450000000000,Scot Wooten,True,False,False
LD-168550000000000,Lela Donovan,False,True,False
CS-217500000000000,Charles Sheldon,False,True,False
SM-109500000000000,Suzanne McNair,False,True,False
NG-835500000000000,Nat Gilpin,False,True,False
TB-211900000000000,Thomas Brumley,False,False,True
MY-173800000000000,Maribeth Yedwab,False,True,False
DH-367500000000000,Duane Huffman,False,False,True
DW-131950000000000,David Wiener,False,True,False
MY-738000000000000,Maribeth Yedwab,False,True,False
RA-988500000000000,Ruben Ausman,False,True,False
PO-919500000000000,Phillina Ober,False,False,True
AG-270000000000000,Alejandro Grove,True,False,False
ER-385500000000000,Elpida Rittenbach,False,True,False
KD-166150000000000,Ken Dana,False,True,False
MH-177850000000000,Maya Herman,False,True,False
TS-113400000000000,Toby Swindell,True,False,False
KE-642000000000000,Katrina Edelman,False,True,False
MM-726000000000000,Magdelene Morse,True,False,False
DH-136750000000000,Duane Huffman,False,False,True
AH-106900000000000,Anna Häberlin,False,True,False
JL-585000000000000,John Lucas,True,False,False
HL-150400000000000,Hunter Lopez,True,False,False
DM-129550000000000,Dario Medina,False,True,False
AH-101200000000000,Adrian Hane,False,False,True
SJ-102150000000000,Sarah Jordon,True,False,False
MH-174550000000000,Mark Hamilton,True,False,False
BW-120000000000000,Ben Wallace,True,False,False
TC-109800000000000,Tamara Chand,False,True,False
AR-510000000000000,Andrew Roberts,True,False,False
HZ-149500000000000,Henia Zydlo,True,False,False
CK-122050000000000,Chloris Kastensmidt,True,False,False
PO-191800000000000,Philisse Overcash,False,False,True
MG-176800000000000,Maureen Gastineau,False,False,True
EB-138700000000000,Emily Burns,True,False,False
AT-435000000000000,Alyssa Tate,False,False,True
GM-445500000000000,Gary Mitchum,False,False,True
SR-207400000000000,Steven Roelle,False,False,True
HZ-495000000000000,Henia Zydlo,True,False,False
LF-171850000000000,Luke Foster,True,False,False
SC-206950000000000,Steve Chapman,False,True,False
DB-297000000000000,Darren Budd,False,True,False
CC-125500000000000,Clay Cheatham,True,False,False
CV-229500000000000,Christina VanderZanden,True,False,False
GM-468000000000000,Greg Matthias,True,False,False
TG-213100000000000,Toby Gnade,True,False,False
JR-156700000000000,Jim Radford,True,False,False
DM-301500000000000,Darrin Martin,True,False,False
TT-212200000000000,Thomas Thornton,True,False,False
GZ-447000000000000,Gary Zandusky,True,False,False
LC-688500000000000,Lena Creighton,True,False,False
GH-448500000000000,Gene Hale,False,True,False
MM-828000000000000,Muhammed MacIntyre,False,True,False
PW-903000000000000,Pauline Webber,False,True,False
CD-119800000000000,Carol Darley,True,False,False
DJ-136300000000000,Doug Jacobs,True,False,False
RH-194950000000000,Rick Hansen,True,False,False
CB-253500000000000,Claudia Bergmann,False,True,False
SW-204550000000000,Shaun Weien,True,False,False
LH-715500000000000,Logan Haushalter,True,False,False
HH-150100000000000,Hilary Holden,False,True,False
PW-924000000000000,Pierre Wener,True,False,False
MS-179800000000000,Michael Stewart,False,True,False
CS-225000000000000,Chris Selesnick,False,True,False
NK-184900000000000,Neil Knudson,False,False,True
SC-108450000000000,Sung Chung,True,False,False
BW-106500000000000,Barry Weirich,True,False,False
PK-190750000000000,Pete Kriz,True,False,False
MY-829500000000000,Muhammed Yedwab,False,True,False
SP-208600000000000,Sung Pak,False,True,False
TH-111000000000000,Thea Hendricks,True,False,False
DA-134500000000000,Dianna Arnett,False,False,True
JP-154600000000000,Jennifer Patt,False,True,False
DS-130300000000000,Darrin Sayre,False,False,True
SB-102900000000000,Sean Braxton,False,True,False
DO-343500000000000,Denny Ordway,True,False,False
MD-786000000000000,Michael Dominguez,False,True,False
JP-155200000000000,Jeremy Pistek,True,False,False
RB-943500000000000,Richard Bierner,True,False,False
TB-214000000000000,Tom Boeckenhauer,True,False,False
FH-143500000000000,Fred Harton,True,False,False
BB-109900000000000,Barry Blumstein,False,True,False
CR-282000000000000,Cyra Reiten,False,False,True
LF-718500000000000,Luke Foster,True,False,False
TP-115650000000000,Tracy Poddar,False,True,False
AB-100150000000000,Aaron Bergman,True,False,False
AW-109300000000000,Arthur Wiediger,False,False,True
EJ-415500000000000,Eva Jacobs,True,False,False
CM-127150000000000,Craig Molinari,False,True,False
AH-102100000000000,Alan Hwang,True,False,False
LD-170050000000000,Lisa DeCherney,True,False,False
CR-262500000000000,Corey Roper,False,False,True
MS-771000000000000,Maurice Satty,True,False,False
BM-178500000000000,Bryan Mills,True,False,False
MM-172600000000000,Magdelene Morse,True,False,False
LP-709500000000000,Liz Preis,True,False,False
JB-160000000000000,Joy Bell-,True,False,False
EB-370500000000000,Ed Braxton,False,True,False
AP-720000000000000,Anne Pryor,False,False,True
BD-113200000000000,Bill Donatelli,True,False,False
CR-125800000000000,Clay Rozendal,False,False,True
SH-199750000000000,Sally Hughsby,False,True,False
PS-904500000000000,Penelope Sewall,False,False,True
OT-187300000000000,Olvera Toch,True,False,False
MZ-733500000000000,Maria Zettner,False,False,True
ML-826500000000000,Muhammed Lee,True,False,False
GT-147550000000000,Guy Thornton,True,False,False
KH-166300000000000,Ken Heidel,False,True,False
KB-164050000000000,Katrina Bavinger,False,False,True
LC-168700000000000,Lena Cacioppo,True,False,False
AH-585000000000000,Angele Hood,True,False,False
RS-194200000000000,Ricardo Sperren,False,True,False
GD-459000000000000,Giulietta Dortch,False,True,False
EB-137050000000000,Ed Braxton,False,True,False
CR-128200000000000,Cyra Reiten,False,False,True
AJ-107800000000000,Anthony Jacobs,False,True,False
BM-111400000000000,Becky Martin,True,False,False
CM-121900000000000,Charlotte Melton,True,False,False
BH-171000000000000,Brosina Hoffman,True,False,False
EJ-372000000000000,Ed Jacobs,True,False,False
PM-894000000000000,Paul MacIntyre,True,False,False
AY-105550000000000,Andy Yotov,False,True,False
JR-162100000000000,Justin Ritter,False,True,False
TS-116550000000000,Trudy Schmidt,True,False,False
RS-942000000000000,Ricardo Sperren,False,True,False
PP-895500000000000,Paul Prost,False,False,True
SG-104700000000000,Sheri Gordon,True,False,False
JC-153850000000000,Jenna Caffey,True,False,False
AG-390000000000000,Allen Goldenen,True,False,False
CD-192000000000000,Carlos Daly,True,False,False
DW-348000000000000,Dianna Wilson,False,False,True
PJ-901500000000000,Pauline Johnson,True,False,False
HE-148000000000000,Harold Engle,False,True,False
RA-199150000000000,Russell Applegate,True,False,False
PS-897000000000000,Paul Stevenson,False,False,True
AF-870000000000000,Art Ferguson,True,False,False
MG-769500000000000,Maureen Gnade,True,False,False
TB-114000000000000,Tom Boeckenhauer,True,False,False
GB-145300000000000,George Bell,False,True,False
AR-105400000000000,Andy Reiter,True,False,False
KB-165850000000000,Ken Black,False,True,False
SJ-101250000000000,Sanjit Jacobs,False,False,True
AB-102550000000000,Alejandro Ballentine,False,False,True
RF-198400000000000,Roy Französisch,True,False,False
CS-249000000000000,Cindy Schnelling,False,True,False
EH-400500000000000,Erica Hernandez,False,False,True
SW-203500000000000,Sean Wendt,False,False,True
TC-111450000000000,Theresa Coyne,False,True,False
BF-110050000000000,Barry Franz,False,False,True
TB-211750000000000,Thomas Boland,False,True,False
RB-195700000000000,Rob Beeghly,True,False,False
JD-158950000000000,Jonathan Doherty,False,True,False
AS-240000000000000,Alan Shonely,True,False,False
MK-816000000000000,Mike Kennedy,True,False,False
MC-810000000000000,Mick Crebagga,True,False,False
CM-121150000000000,Chad McGuire,True,False,False
SC-207700000000000,Stewart Carmichael,False,True,False
MO-750000000000000,Mary O'Rourke,True,False,False
DK-298500000000000,Darren Koutras,True,False,False
TS-113700000000000,Todd Sumrall,False,True,False
RB-196450000000000,Robert Barroso,False,True,False
CK-276000000000000,Cyma Kinney,False,True,False
MG-176500000000000,Matthew Grinstein,False,False,True
AG-102700000000000,Alejandro Grove,True,False,False
RA-192850000000000,Ralph Arnett,True,False,False
CD-198000000000000,Carol Darley,True,False,False
KB-624000000000000,Karen Bern,False,True,False
MC-813000000000000,Mike Caudle,False,True,False
NP-187000000000000,Nora Preis,True,False,False
JO-514500000000000,Jack O'Briant,False,True,False
JK-532500000000000,Jason Klamczynski,False,True,False
DP-130000000000000,Darren Powers,True,False,False
GA-145150000000000,George Ashbrook,True,False,False
JO-151450000000000,Jack O'Briant,False,True,False
PG-882000000000000,Patrick Gardner,True,False,False
FH-142750000000000,Frank Hawley,False,True,False
CJ-118750000000000,Carl Jackson,False,True,False
HR-477000000000000,Hallie Redmond,False,False,True
VW-217750000000000,Victoria Wilson,False,True,False
SC-206800000000000,Steve Carroll,False,False,True
MA-756000000000000,Matt Abelman,False,False,True
MS-178300000000000,Melanie Seite,True,False,False
VG-118050000000000,Vivek Grady,False,True,False
BF-108000000000000,Bart Folk,True,False,False
TC-215350000000000,Tracy Collins,False,False,True
CS-118600000000000,Cari Schnelling,True,False,False
LW-171250000000000,Liz Willingham,True,False,False
CM-271500000000000,Craig Molinari,False,True,False
MG-178750000000000,Michael Grace,False,False,True
EK-379500000000000,Eileen Kiefer,False,False,True
AH-465000000000000,Amy Hunt,True,False,False
DV-346500000000000,Dianna Vittorini,True,False,False
HR-147700000000000,Hallie Redmond,False,False,True
BP-115500000000000,Becky Pak,True,False,False
BO-113500000000000,Bill Overfelt,False,True,False
DP-133900000000000,Dennis Pardue,False,False,True
LE-681000000000000,Laurel Elliston,True,False,False
RA-198850000000000,Ruben Ausman,False,True,False
HG-148450000000000,Harry Greene,True,False,False
VP-217300000000000,Victor Preis,False,False,True
CA-127750000000000,Cynthia Arntzen,True,False,False
JP-613500000000000,Julie Prescott,False,False,True
DL-292500000000000,Daniel Lacy,True,False,False
KB-658500000000000,Ken Black,False,True,False
JM-152650000000000,Janet Molinari,False,True,False
DP-339000000000000,Dennis Pardue,False,False,True
ON-871500000000000,Odella Nelson,False,True,False
JS-158800000000000,John Stevenson,True,False,False
EA-140350000000000,Erin Ashbrook,False,True,False
GM-146950000000000,Greg Maxwell,False,True,False
SW-107550000000000,Steven Ward,False,True,False
MA-799500000000000,Michelle Arnett,False,False,True
NZ-185650000000000,Nick Zandusky,False,False,True
AB-106000000000000,Ann Blume,False,True,False
GT-147100000000000,Greg Tran,True,False,False
AD-180000000000000,Alan Dominguez,False,False,True
DB-129100000000000,Daniel Byrd,False,False,True
ME-173200000000000,Maria Etezadi,False,False,True
DK-132250000000000,Dean Katz,False,True,False
KM-167200000000000,Kunst Miller,True,False,False
PB-192100000000000,Phillip Breyer,False,True,False
EC-405000000000000,Erin Creighton,True,False,False
JS-588000000000000,John Stevenson,True,False,False
DD-135700000000000,Dorothy Dickinson,True,False,False
AS-102400000000000,Alan Shonely,True,False,False
NH-861000000000000,Nicole Hansen,False,True,False
RE-194500000000000,Richard Eichhorn,True,False,False
DK-129850000000000,Darren Koutras,True,False,False
LS-724500000000000,Lynn Smith,True,False,False
GB-457500000000000,Giulietta Baptist,True,False,False
PP-189550000000000,Paul Prost,False,False,True
GH-144850000000000,Gene Hale,False,True,False
BT-113950000000000,Bill Tyler,False,True,False
HA-492000000000000,Helen Andreada,True,False,False
PS-876000000000000,Pamela Stobb,True,False,False
AJ-960000000000000,Astrea Jones,True,False,False
CK-220500000000000,Chloris Kastensmidt,True,False,False
TB-215950000000000,Troy Blackwell,True,False,False
RF-984000000000000,Roy Französisch,True,False,False
RF-973500000000000,Roland Fjeld,True,False,False
JW-159550000000000,Joni Wasserman,True,False,False
MB-180850000000000,Mick Brown,True,False,False
RC-199600000000000,Ryan Crowe,True,False,False
ME-772500000000000,Max Engle,True,False,False
JA-597000000000000,Joseph Airdo,True,False,False
FH-143650000000000,Fred Hopkins,False,True,False
SC-106800000000000,Steve Carroll,False,False,True
AT-107350000000000,Annie Thurman,True,False,False
CJ-120100000000000,Caroline Jumper,True,False,False
CD-122800000000000,Christina DeMoss,True,False,False
OT-873000000000000,Olvera Toch,True,False,False
JG-531000000000000,Jason Gross,False,True,False
LC-169300000000000,Linda Cazamias,False,True,False
BT-115300000000000,Bradley Talbott,False,False,True
SC-205750000000000,Sonia Cooley,True,False,False
TN-110400000000000,Tanja Norvell,False,False,True
KM-666000000000000,Khloe Miller,True,False,False
BD-116350000000000,Brian Derr,True,False,False
RM-196750000000000,Robert Marley,False,False,True
RF-197350000000000,Roland Fjeld,True,False,False
JP-552000000000000,Jeremy Pistek,True,False,False
DN-369000000000000,Duane Noonan,True,False,False
SG-106050000000000,Speros Goranitis,True,False,False
JW-522000000000000,Jane Waco,False,True,False
SS-105150000000000,Shirley Schmidt,False,False,True
CS-124000000000000,Christopher Schild,False,False,True
MW-823500000000000,Mitch Willingham,False,True,False
EN-137800000000000,Edward Nazzal,True,False,False
CM-183000000000000,Cari MacIntyre,False,True,False
JE-616500000000000,Justin Ellison,False,True,False
MG-182050000000000,Mitch Gastineau,False,True,False
DO-134350000000000,Denny Ordway,True,False,False
RC-996000000000000,Ryan Crowe,True,False,False
FM-429000000000000,Frank Merwin,False,False,True
MS-777000000000000,Maxwell Schwartz,True,False,False
TH-212350000000000,Tiffany House,False,True,False
JH-159100000000000,Jonathan Howell,True,False,False
TC-114750000000000,Tony Chapman,False,False,True
NB-185800000000000,Nicole Brennan,False,True,False
JS-568500000000000,Jim Sink,False,True,False
ML-804000000000000,Michelle Lonsdale,False,True,False
ES-140800000000000,Erin Smith,False,True,False
MS-177100000000000,Maurice Satty,True,False,False
LD-685500000000000,Lela Donovan,False,True,False
SN-107100000000000,Steve Nguyen,False,False,True
RD-958500000000000,Rob Dowd,True,False,False
LH-170200000000000,Lisa Hazard,True,False,False
PV-898500000000000,Paul Van Hugh,False,False,True
BP-109500000000000,Bart Pistole,False,True,False
JK-153250000000000,Jason Klamczynski,False,True,False
MM-792000000000000,Michael Moore,True,False,False
JH-582000000000000,John Huston,True,False,False
BD-150000000000000,Bradley Drucker,True,False,False
CR-273000000000000,Craig Reiter,True,False,False
TT-110700000000000,Ted Trevino,True,False,False
PW-192400000000000,Pierre Wener,True,False,False
KM-672000000000000,Kunst Miller,True,False,False
DR-128800000000000,Dan Reichenbach,False,True,False
PS-187600000000000,Pamela Stobb,True,False,False
DB-136150000000000,Doug Bickford,True,False,False
AH-210000000000000,Alan Hwang,True,False,False
SV-208150000000000,Stuart Van,False,True,False
DB-306000000000000,Dave Brooks,True,False,False
TS-211600000000000,Theresa Swint,False,True,False
PF-191200000000000,Peter Fuller,True,False,False
AB-600000000000000,Adam Bellavance,False,False,True
JP-546000000000000,Jennifer Patt,False,True,False
TH-111150000000000,Thea Hudgings,False,True,False
SD-204850000000000,Shirley Daniels,False,False,True
MO-175000000000000,Mary O'Rourke,True,False,False
SM-203200000000000,Sean Miller,False,False,True
DP-310500000000000,Dave Poirier,False,True,False
NW-184000000000000,Natalie Webber,True,False,False
AG-104950000000000,Andrew Gjertsen,False,True,False
DB-133600000000000,Dennis Bolton,False,False,True
JK-564000000000000,Jim Kriz,False,False,True
NB-865500000000000,Nona Balk,False,True,False
SM-100050000000000,Sally Matthias,True,False,False
SC-102300000000000,Scot Coram,False,True,False
MJ-774000000000000,Max Jones,True,False,False
SW-103500000000000,Sean Wendt,False,False,True
EM-406500000000000,Erin Mull,True,False,False
FC-424500000000000,Frank Carlisle,False,False,True
JH-618000000000000,Justin Hirsh,True,False,False
MV-181900000000000,Mike Vittorini,True,False,False
RH-951000000000000,Rick Huthwaite,False,False,True
AH-690000000000000,Anna Häberlin,False,True,False
NM-852000000000000,Neoma Murray,True,False,False
MB-730500000000000,Maria Bertelson,True,False,False
AM-705000000000000,Anne McFarland,True,False,False
CC-268500000000000,Craig Carroll,True,False,False
CS-250500000000000,Cindy Stewart,True,False,False
FA-142300000000000,Frank Atkinson,False,True,False
DL-133150000000000,Delfina Latchford,True,False,False
BG-110350000000000,Barry Gonzalez,True,False,False
CS-122500000000000,Chris Selesnick,False,True,False
BD-117250000000000,Bruce Degenhardt,True,False,False
JW-607500000000000,Julia West,True,False,False
CR-258000000000000,Clay Rozendal,False,False,True
MH-172900000000000,Marc Harrigan,False,False,True
AR-345000000000000,Alex Russell,False,True,False
DG-330000000000000,Deirdre Greer,False,True,False
TR-213250000000000,Toby Ritter,True,False,False
CC-126850000000000,Craig Carroll,True,False,False
CS-184500000000000,Cari Sayre,False,True,False
ON-187150000000000,Odella Nelson,False,True,False
AJ-109600000000000,Astrea Jones,True,False,False
CC-126100000000000,Corey Catlett,False,True,False
GA-472500000000000,Guy Armstrong,True,False,False
DB-355500000000000,Dorothy Badders,False,True,False
WB-118500000000000,William Brown,True,False,False
RB-194650000000000,Rick Bensley,False,False,True
BE-114550000000000,Brad Eason,False,False,True
AM-360000000000000,Alice McCarthy,False,True,False
RS-198700000000000,Roy Skaria,False,False,True
CL-127000000000000,Craig Leslie,False,False,True
ME-732000000000000,Maria Etezadi,False,False,True
BE-133500000000000,Bill Eplett,False,False,True
KM-166600000000000,Khloe Miller,True,False,False
SJ-105000000000000,Shirley Jackson,True,False,False
BO-114250000000000,Bobby Odegard,True,False,False
YS-118800000000000,Yana Sorensen,False,True,False
YC-118950000000000,Yoseph Carroll,False,True,False
PB-191500000000000,Philip Brown,True,False,False
AJ-109450000000000,Ashley Jarboe,True,False,False
IM-505500000000000,Ionia McGrath,True,False,False
TB-110550000000000,Ted Butterfield,True,False,False
LP-170800000000000,Liz Pelletier,True,False,False
MH-176200000000000,Matt Hagelstein,False,True,False
DW-134800000000000,Dianna Wilson,False,False,True
PF-912000000000000,Peter Fuller,True,False,False
JH-158200000000000,John Huston,True,False,False
TC-212950000000000,Toby Carlisle,True,False,False
SS-105900000000000,Sonia Sunley,True,False,False
LH-702000000000000,Lisa Hazard,True,False,False
MC-181300000000000,Mike Caudle,False,True,False
MR-754500000000000,Mathew Reese,False,False,True
LH-169000000000000,Lena Hernandez,True,False,False
CP-120850000000000,Cathy Prescott,False,True,False
KL-655500000000000,Kelly Lampkin,False,True,False
GZ-145450000000000,George Zrebassa,False,True,False
MP-817500000000000,Mike Pelletier,False,False,True
JM-619500000000000,Justin MacKendrick,True,False,False
RB-970500000000000,Roger Barcio,False,False,True
CS-124600000000000,Chuck Sachs,True,False,False
TW-210250000000000,Tamara Willingham,False,False,True
AR-405000000000000,Allen Rosenblatt,False,True,False
FO-143050000000000,Frank Olsen,True,False,False
JH-543000000000000,Jennifer Halladay,True,False,False
HG-484500000000000,Harry Greene,True,False,False
AH-120000000000000,Adrian Hane,False,False,True
BP-111550000000000,Becky Pak,True,False,False
DK-133750000000000,Dennis Kane,True,False,False
SN-207100000000000,Steve Nguyen,False,False,True
