region_id,state,country,market,region
6554348,California,United States,US,West
6554349,National Capital,Philippines,APAC,Southeast Asia
6554350,New York,United States,US,East
6554351,Distrito Federal,Mexico,LATAM,North
6554352,Madrid,Spain,EU,South
6554353,Sinaloa,Mexico,LATAM,North
6554354,Texas,United States,US,Central
6554355,Berlin,Germany,EU,Central
6554356,England,United Kingdom,EU,North
6554357,Uttar Pradesh,India,APAC,Central Asia
6554358,Western Visayas,Philippines,APAC,Southeast Asia
6554359,Minnesota,United States,US,Central
6554360,New South Wales,Australia,APAC,Oceania
6554361,Ile-de-France,France,EU,Central
6554362,Tamil Nadu,India,APAC,Central Asia
6554363,Wellington,New Zealand,APAC,Oceania
6554364,Nebraska,United States,US,Central
6554365,Lombardy,Italy,EU,South
6554366,Jalisco,Mexico,LATAM,North
6554367,Oregon,United States,US,West
6554368,Maharashtra,India,APAC,Central Asia
6554369,Tennessee,United States,US,South
6554370,Nuevo León,Mexico,LATAM,North
6554371,Lima (city),Peru,LATAM,South
6554372,Arizona,United States,US,West
6554373,Georgia,United States,US,South
6554374,Michoacán,Mexico,LATAM,North
6554375,Ouest,Haiti,LATAM,Caribbean
6554376,Apulia,Italy,EU,South
6554377,Pays de la Loire,France,EU,Central
6554378,Kabul,Afghanistan,APAC,Central Asia
6554379,Santa Fe,Argentina,LATAM,South
6554380,Rhode Island,United States,US,East
6554381,Sonora,Mexico,LATAM,North
6554382,Connecticut,United States,US,East
6554383,Jakarta,Indonesia,APAC,Southeast Asia
6554384,Midi-Pyrénées,France,EU,Central
6554385,Rhône-Alpes,France,EU,Central
6554386,México,Mexico,LATAM,North
6554387,Jawa Timur,Indonesia,APAC,Southeast Asia
6554388,Baja California,Mexico,LATAM,North
6554389,Saxony,Germany,EU,Central
6554390,Missouri,United States,US,Central
6554391,Michigan,United States,US,Central
6554392,South Australia,Australia,APAC,Oceania
6554393,Bangkok,Thailand,APAC,Southeast Asia
6554394,North Carolina,United States,US,South
6554395,Mayabeque,Cuba,LATAM,Caribbean
6554396,Junín,Peru,LATAM,South
6554397,Hordaland,Norway,EU,North
6554398,Telangana,India,APAC,Central Asia
6554399,Pennsylvania,United States,US,East
6554400,Hong Kong,Hong Kong,APAC,North Asia
6554401,Massachusetts,United States,US,East
6554402,Coahuila,Mexico,LATAM,North
6554403,Campania,Italy,EU,South
6554404,Artemisa,Cuba,LATAM,Caribbean
6554405,Aquitaine,France,EU,Central
6554406,Jawa Tengah,Indonesia,APAC,Southeast Asia
6554407,Oklahoma,United States,US,Central
6554408,Santo Domingo,Dominican Republic,LATAM,Caribbean
6554409,Ceará,Brazil,LATAM,South
6554410,Vienna,Austria,EU,Central
6554411,Camagüey,Cuba,LATAM,Caribbean
6554412,Queensland,Australia,APAC,Oceania
6554413,Kentucky,United States,US,South
6554414,Panama,Panama,LATAM,Central
6554415,Chittagong,Bangladesh,APAC,Central Asia
6554416,Sumatera Utara,Indonesia,APAC,Southeast Asia
6554417,Scotland,United Kingdom,EU,North
6554418,Victoria,Australia,APAC,Oceania
6554419,Perak,Malaysia,APAC,Southeast Asia
6554421,La Pampa,Argentina,LATAM,South
6554422,Balikesir,Turkey,EMEA,EMEA
6554423,Dnipropetrovs'k,Ukraine,EMEA,EMEA
6554424,Dagestan,Russia,EMEA,EMEA
6554425,Bursa,Turkey,EMEA,EMEA
6554426,Hrodna,Belarus,EMEA,EMEA
6554427,Kankan,Guinea,Africa,Africa
6554428,Ankara,Turkey,EMEA,EMEA
6554429,Lodz,Poland,EMEA,EMEA
6554430,Makkah,Saudi Arabia,EMEA,EMEA
6554431,Lagos,Nigeria,Africa,Africa
6554432,Mono,Benin,Africa,Africa
6554433,Nairobi,Kenya,Africa,Africa
6554434,Quebec,Canada,Canada,Canada
6554435,Southern,Zambia,Africa,Africa
6554436,Bie,Angola,Africa,Africa
6554437,Ontario,Canada,Canada,Canada
6554438,Bechar,Algeria,Africa,Africa
6554439,Volyn,Ukraine,EMEA,EMEA
6554440,Šiauliai,Lithuania,EMEA,EMEA
6554441,Alger,Algeria,Africa,Africa
6554442,Anambra,Nigeria,Africa,Africa
6554443,Abia,Nigeria,Africa,Africa
6554444,Bishkek,Kyrgyzstan,EMEA,EMEA
6554445,Banghazi,Libya,Africa,Africa
6554446,L'viv,Ukraine,EMEA,EMEA
6554447,Rabat-Salé-Zemmour-Zaer,Morocco,Africa,Africa
6554448,Eastern Cape,South Africa,Africa,Africa
6554449,Enugu,Nigeria,Africa,Africa
6554450,Ninawa,Iraq,EMEA,EMEA
6554451,Washington,United States,US,West
6554452,Sicily,Italy,EU,South
6554453,Veneto,Italy,EU,South
6554454,São Paulo,Brazil,LATAM,South
6554455,Guatemala,Guatemala,LATAM,Central
6554456,North Rhine-Westphalia,Germany,EU,Central
6554457,Hubei,China,APAC,North Asia
6554458,North Brabant,Netherlands,EU,Central
6554459,Santa Catarina,Brazil,LATAM,South
6554460,Nord-Pas-de-Calais,France,EU,Central
6554461,Provence-Alpes-Côte d'Azur,France,EU,Central
6554462,León,Nicaragua,EU,North
6554463,Dà Nang,Vietnam,APAC,Southeast Asia
6554464,Saarland,Germany,EU,Central
6554465,Sumatera Selatan,Indonesia,APAC,Southeast Asia
6554466,Karnataka,India,APAC,Central Asia
6554467,San Salvador,El Salvador,LATAM,Central
6554468,Singapore,Singapore,APAC,Southeast Asia
6554469,Bali,Indonesia,APAC,Southeast Asia
6554470,Liaoning,China,APAC,North Asia
6554471,Virginia,United States,US,South
6554472,Choluteca,Honduras,LATAM,Central
6554473,Antioquia,Colombia,LATAM,South
6554474,New Hampshire,United States,US,East
6554475,Shanxi,China,APAC,North Asia
6554476,Auckland,New Zealand,APAC,Oceania
6554477,North Holland,Netherlands,EU,Central
6554478,La Libertad,El Salvador,LATAM,Central
6554479,Magdalena,Colombia,LATAM,South
6554480,Oslo,Norway,EU,North
6554481,Indiana,United States,US,Central
6554482,Chiriquí,Panama,LATAM,Central
6554483,Puebla,Mexico,LATAM,North
6554484,Kerala,India,APAC,Central Asia
6554485,Lower Saxony,Germany,EU,Central
6554486,Puno,Peru,LATAM,South
6554487,Australian Capital Territory,Australia,APAC,Oceania
6554488,Francisco Morazán,Honduras,LATAM,Central
6554489,Pernambuco,Brazil,LATAM,South
6554490,San Luis Potosí,Mexico,LATAM,North
6554491,Norte de Santander,Colombia,LATAM,South
6554492,Andalusía,Spain,EU,South
6554493,Illinois,United States,US,Central
6554494,La Rioja,Argentina,LATAM,South
6554495,Dublin,Ireland,EU,North
6554496,Managua,Nicaragua,APAC,Central
6554497,Catalonia,Spain,EU,South
6554498,Daegu,South Korea,APAC,North Asia
6554499,Cuscatlán,El Salvador,LATAM,Central
6554500,Yucatán,Mexico,LATAM,North
6554501,Zhejiang,China,APAC,North Asia
6554502,Poitou-Charentes,France,EU,Central
6554503,Aragua,Venezuela,LATAM,South
6554504,Colorado,United States,US,West
6554505,Las Tunas,Cuba,LATAM,Caribbean
6554506,Baden-Württemberg,Germany,EU,Central
6554507,Ohio,United States,US,East
6554508,Cienfuegos,Cuba,LATAM,Caribbean
6554509,Bahia,Brazil,LATAM,South
6554510,Saxony-Anhalt,Germany,EU,Central
6554511,Madhya Pradesh,India,APAC,Central Asia
6554512,Lower Normandy,France,EU,Central
6554513,Thủ Dô Hà Nội,Vietnam,APAC,Southeast Asia
6554514,Goiás,Brazil,LATAM,South
6554515,Lazio,Italy,EU,South
6554516,Mississippi,United States,US,South
6554517,San Pedro de Macorís,Dominican Republic,LATAM,Caribbean
6554518,Fujian,China,APAC,North Asia
6554519,Languedoc-Roussillon,France,EU,Central
6554520,New Mexico,United States,US,West
6554521,Holguín,Cuba,LATAM,Caribbean
6554522,Eastern,Ghana,Africa,Africa
6554523,Vinnytsya,Ukraine,EMEA,EMEA
6554524,Kharkiv,Ukraine,EMEA,EMEA
6554525,Orientale,Democratic Republic of the Congo,Africa,Africa
6554526,Usti nad Labem,Czech Republic,EMEA,EMEA
6554527,Inner Mongolia,China,APAC,North Asia
6554528,Phnom Penh,Cambodia,APAC,Southeast Asia
6554529,Bavaria,Germany,EU,Central
6554530,Atlántico,Colombia,LATAM,South
6554531,Lisboa,Portugal,EU,South
6554532,Kalimantan Selatan,Indonesia,APAC,Southeast Asia
6554533,Punjab,Pakistan,APAC,Central Asia
6554534,Mykolayiv,Ukraine,EMEA,EMEA
6554535,Copperbelt,Zambia,Africa,Africa
6554536,Qom,Iran,EMEA,EMEA
6554537,Zaporizhzhya,Ukraine,EMEA,EMEA
6554538,Centre,Cameroon,Africa,Africa
6554539,Khuzestan,Iran,EMEA,EMEA
6554540,Fars,Iran,EMEA,EMEA
6554541,Podlaskie,Poland,EMEA,EMEA
6554542,Masovia,Poland,EMEA,EMEA
6554543,Izmir,Turkey,EMEA,EMEA
6554544,Niamey,Niger,Africa,Africa
6554545,Adana,Turkey,EMEA,EMEA
6554546,Western Cape,South Africa,Africa,Africa
6554547,Istanbul,Turkey,EMEA,EMEA
6554548,Ashanti,Ghana,Africa,Africa
6554549,Grand Casablanca,Morocco,Africa,Africa
6554550,Kinshasa,Democratic Republic of the Congo,Africa,Africa
6554551,Sistan Va Baluchestan,Iran,EMEA,EMEA
6554552,Mehedinti,Romania,EMEA,EMEA
6554553,Diyala,Iraq,EMEA,EMEA
6554554,Marrakech-Tensift-El Haouz,Morocco,Africa,Africa
6554555,Harare,Zimbabwe,Africa,Africa
6554556,Baghdad,Iraq,EMEA,EMEA
6554557,Kaunas,Lithuania,EMEA,EMEA
6554558,Harjumaa,Estonia,EMEA,EMEA
6554559,Silesia,Poland,EMEA,EMEA
6554560,Maritime,Togo,Africa,Africa
6554561,Alagoas,Brazil,LATAM,South
6554562,Villa Clara,Cuba,LATAM,Caribbean
6554563,Castile and León,Spain,EU,South
6554564,Mecklenburg-Vorpommern,Germany,EU,Central
6554565,Bremen,Germany,EU,Central
6554566,Guangxi,China,APAC,North Asia
6554567,Yunnan,China,APAC,North Asia
6554568,Tamaulipas,Mexico,LATAM,North
6554569,Tasmania,Australia,APAC,Oceania
6554570,Florida,United States,US,South
6554571,Sulawesi Tengah,Indonesia,APAC,Southeast Asia
6554572,Jharkhand,India,APAC,Central Asia
6554573,Bolivar,Venezuela,LATAM,South
6554574,La Vega,Dominican Republic,LATAM,Caribbean
6554575,Louisiana,United States,US,South
6554576,Chimaltenango,Guatemala,LATAM,Central
6554577,Peravia,Dominican Republic,LATAM,Caribbean
6554578,Jawa Barat,Indonesia,APAC,Southeast Asia
6554579,Veracruz,Mexico,LATAM,North
6554580,Canterbury,New Zealand,APAC,Oceania
6554581,West Bengal,India,APAC,Central Asia
6554582,Punjab,India,APAC,Central Asia
6554583,Miranda,Venezuela,LATAM,South
6554584,Jiangsu,China,APAC,North Asia
6554585,Rajasthan,India,APAC,Central Asia
6554586,Stockholm,Sweden,EU,North
6554587,Tuscany,Italy,EU,South
6554588,Buenos Aires,Argentina,LATAM,South
6554589,Hunan,China,APAC,North Asia
6554590,Rio de Janeiro,Brazil,LATAM,South
6554591,Daejeon,South Korea,APAC,North Asia
6554592,Västra Götaland,Sweden,EU,North
6554593,Limousin,France,EU,Central
6554594,Tỉnh Cần Thơ,Vietnam,APAC,Southeast Asia
6554596,Ouest,Cameroon,Africa,Africa
6554597,Al Basrah,Iraq,EMEA,EMEA
6554598,Kwazulu-natal,South Africa,Africa,Africa
6554599,Manisa,Turkey,EMEA,EMEA
6554600,Djelfa,Algeria,Africa,Africa
6554601,Al Iskandariyah,Egypt,Africa,Africa
6554602,Saskatchewan,Canada,Canada,Canada
6554603,Greater Accra,Ghana,Africa,Africa
6554604,Gauteng,South Africa,Africa,Africa
6554605,Ar Riyad,Saudi Arabia,EMEA,EMEA
6554606,Qostanay,Kazakhstan,EMEA,EMEA
6554607,Luhans'k,Ukraine,EMEA,EMEA
6554608,Banaadir,Somalia,Africa,Africa
6554609,Bauchi,Nigeria,Africa,Africa
6554610,Vienna,Austria,EMEA,EMEA
6554611,Tel Aviv,Israel,EMEA,EMEA
6554612,Dolj,Romania,EMEA,EMEA
6554613,Chaouia-Ouardigha,Morocco,Africa,Africa
6554614,Al Qahirah,Egypt,Africa,Africa
6554615,Amazonas,Brazil,LATAM,South
6554616,Centre,France,EU,Central
6554617,Western Australia,Australia,APAC,Oceania
6554618,Guanajuato,Mexico,LATAM,North
6554619,Shandong,China,APAC,North Asia
6554620,Henan,China,APAC,North Asia
6554621,Delhi,India,APAC,Central Asia
6554622,Montana,United States,US,West
6554623,Granma,Cuba,LATAM,Caribbean
6554624,Tokyo,Japan,APAC,North Asia
6554625,Elazig,Turkey,EMEA,EMEA
6554626,East Flanders,Belgium,EU,Central
6554627,Hovedstaden,Denmark,EU,North
6554628,Saint Michael,Barbados,LATAM,Caribbean
6554629,Parana,Brazil,LATAM,South
6554630,Santiago,Chile,LATAM,South
6554631,Busan,South Korea,APAC,North Asia
6554632,New Jersey,United States,US,East
6554633,O'Higgins,Chile,LATAM,South
6554634,Bogota,Colombia,LATAM,South
6554635,Sindh,Pakistan,APAC,Central Asia
6554636,Bihar,India,APAC,Central Asia
6554637,Hebei,China,APAC,North Asia
6554638,Salta,Argentina,LATAM,South
6554639,Martinique,Martinique,LATAM,Caribbean
6554640,Kalimantan Barat,Indonesia,APAC,Southeast Asia
6554641,Chihuahua,Mexico,LATAM,North
6554642,Anhui,China,APAC,North Asia
6554643,Tyrol,Austria,EU,Central
6554644,Guantánamo,Cuba,LATAM,Caribbean
6554645,South Holland,Netherlands,EU,Central
6554646,Santiago,Dominican Republic,LATAM,Caribbean
6554647,South Kivu,Democratic Republic of the Congo,Africa,Africa
6554648,Razavi Khorasan,Iran,EMEA,EMEA
6554649,Kilimanjaro,Tanzania,Africa,Africa
6554650,Zhambyl,Kazakhstan,EMEA,EMEA
6554651,Buzau,Romania,EMEA,EMEA
6554652,Kiên Giang,Vietnam,APAC,Southeast Asia
6554653,Utah,United States,US,West
6554654,Guangdong,China,APAC,North Asia
6554655,Rio Grande do Sul,Brazil,LATAM,South
6554656,Northland,New Zealand,APAC,Oceania
6554657,San Juan,Argentina,LATAM,South
6554658,Alsace,France,EU,Central
6554659,Cortés,Honduras,LATAM,Central
6554660,Gansu,China,APAC,North Asia
6554661,Estelí,Nicaragua,APAC,Central
6554662,Mato Grosso,Brazil,LATAM,South
6554663,Friuli-Venezia Giulia,Italy,EU,South
6554664,Nevada,United States,US,West
6554665,Calabarzon,Philippines,APAC,Southeast Asia
6554666,Durango,Mexico,LATAM,North
6554667,Artibonite,Haiti,LATAM,Caribbean
6554668,Matanzas,Cuba,LATAM,Caribbean
6554669,Taranaki,New Zealand,APAC,Oceania
6554670,Rhineland-Palatinate,Germany,EU,Central
6554671,Finland Proper,Finland,EU,North
6554672,Zulia,Venezuela,LATAM,South
6554673,Jambi,Indonesia,APAC,Southeast Asia
6554674,Maranhão,Brazil,LATAM,South
6554675,Escuintla,Guatemala,LATAM,Central
6554676,Emilia-Romagna,Italy,EU,South
6554677,Calabria,Italy,EU,South
6554678,Sardinia,Italy,EU,South
6554679,Abruzzi,Italy,EU,South
6554680,Andhra Pradesh,India,APAC,Central Asia
6554681,Pará,Brazil,LATAM,South
6554682,Lorraine,France,EU,Central
6554683,Wisconsin,United States,US,Central
6554684,Tocantins,Brazil,LATAM,South
6554685,Montevideo,Uruguay,LATAM,South
6554686,Piedmont,Italy,EU,South
6554687,Paraíba,Brazil,LATAM,South
6554688,Est,Cameroon,Africa,Africa
6554689,Cidade De Maputo,Mozambique,Africa,Africa
6554690,British Columbia,Canada,Canada,Canada
6554691,Northern,Ghana,Africa,Africa
6554692,Prague,Czech Republic,EMEA,EMEA
6554693,Sanliurfa,Turkey,EMEA,EMEA
6554694,Maputo,Mozambique,Africa,Africa
6554695,'Amman,Jordan,EMEA,EMEA
6554696,Antalya,Turkey,EMEA,EMEA
6554697,Oyo,Nigeria,Africa,Africa
6554698,Ondo,Nigeria,Africa,Africa
6554699,Kassala,Sudan,Africa,Africa
6554700,Dar Es Salaam,Tanzania,Africa,Africa
6554701,Tanger-Tétouan,Morocco,Africa,Africa
6554702,Gulu,Uganda,Africa,Africa
6554703,Southern,Rwanda,Africa,Africa
6554704,Kayseri,Turkey,EMEA,EMEA
6554705,Khomas,Namibia,Africa,Africa
6554706,Alberta,Canada,Canada,Canada
6554707,Dakar,Senegal,Africa,Africa
6554708,Mersin,Turkey,EMEA,EMEA
6554709,Kano,Nigeria,Africa,Africa
6554710,Coast,Kenya,Africa,Africa
6554711,Ardabil,Iran,EMEA,EMEA
6554712,Ruvuma,Tanzania,Africa,Africa
6554713,Akwa Ibom,Nigeria,Africa,Africa
6554714,Khmel'nyts'kyy,Ukraine,EMEA,EMEA
6554715,Zambezia,Mozambique,Africa,Africa
6554716,Ivanovo,Russia,EMEA,EMEA
6554717,Kampala,Uganda,Africa,Africa
6554718,Adamaoua,Cameroon,Africa,Africa
6554719,Mostaganem,Algeria,Africa,Africa
6554720,Delta,Nigeria,Africa,Africa
6554721,Chongqing,China,APAC,North Asia
6554722,Yogyakarta,Indonesia,APAC,Southeast Asia
6554723,Mie,Japan,APAC,North Asia
6554724,Huehuetenango,Guatemala,LATAM,Central
6554725,San Luis,Argentina,LATAM,South
6554726,Haryana,India,APAC,Central Asia
6554727,Namur,Belgium,EU,Central
6554728,Brittany,France,EU,Central
6554729,West Flanders,Belgium,EU,Central
6554730,Utrecht,Netherlands,EU,Central
6554731,Quintana Roo,Mexico,LATAM,North
6554732,Santiago de Cuba,Cuba,LATAM,Caribbean
6554733,Trentino-Alto Adige,Italy,EU,South
6554734,Assam,India,APAC,Central Asia
6554735,Limburg,Belgium,EU,Central
6554736,Chaco,Argentina,LATAM,South
6554737,Thuringia,Germany,EU,Central
6554738,La Romana,Dominican Republic,LATAM,Caribbean
6554739,Federal District,Brazil,LATAM,South
6554740,Alabama,United States,US,South
6554741,Heilongjiang,China,APAC,North Asia
6554742,Minas Gerais,Brazil,LATAM,South
6554743,Brandenburg,Germany,EU,Central
6554744,Hyogo,Japan,APAC,North Asia
6554745,Kalimantan Timur,Indonesia,APAC,Southeast Asia
6554746,Uttarakhand,India,APAC,Central Asia
6554748,Valenciana,Spain,EU,South
6554749,Pavlodar,Kazakhstan,EMEA,EMEA
6554750,Nitra,Slovakia,EMEA,EMEA
6554751,Ad Dawhah,Qatar,EMEA,EMEA
6554752,Katanga,Democratic Republic of the Congo,Africa,Africa
6554753,Pazardzhik,Bulgaria,EMEA,EMEA
6554754,Rivers,Nigeria,Africa,Africa
6554755,Pomerania,Poland,EMEA,EMEA
6554756,Rift Valley,Kenya,Africa,Africa
6554757,Dayr Az Zawr,Syria,EMEA,EMEA
6554758,Hamadan,Iran,EMEA,EMEA
6554759,Van,Turkey,EMEA,EMEA
6554760,Nouakchott,Mauritania,Africa,Africa
6554761,Luanda,Angola,Africa,Africa
6554762,Bulawayo,Zimbabwe,Africa,Africa
6554763,Gharb-Chrarda-Béni Hssen,Morocco,Africa,Africa
6554764,Oran,Algeria,Africa,Africa
6554765,Lorestan,Iran,EMEA,EMEA
6554766,Nord,Cameroon,Africa,Africa
6554767,Fès-Boulemane,Morocco,Africa,Africa
6554768,Voronezh,Russia,EMEA,EMEA
6554769,Kahramanmaras,Turkey,EMEA,EMEA
6554770,Timis,Romania,EMEA,EMEA
6554771,Rio Grande do Norte,Brazil,LATAM,South
6554772,Maryland,United States,US,East
6554773,Basque Country,Spain,EU,South
6554774,Hamburg,Germany,EU,Central
6554775,Tianjin,China,APAC,North Asia
6554776,Puducherry,India,APAC,Central Asia
6554777,Cojedes,Venezuela,LATAM,South
6554778,Batna,Algeria,Africa,Africa
6554779,Jerusalem,Israel,EMEA,EMEA
6554780,Astrakhan',Russia,EMEA,EMEA
6554781,Tehran,Iran,EMEA,EMEA
6554782,Borno,Nigeria,Africa,Africa
6554783,Al Minya,Egypt,Africa,Africa
6554784,Eskisehir,Turkey,EMEA,EMEA
6554785,Khartoum,Sudan,Africa,Africa
6554786,Lesser Poland,Poland,EMEA,EMEA
6554787,Sumy,Ukraine,EMEA,EMEA
6554788,Huambo,Angola,Africa,Africa
6554789,Saint-Louis,Senegal,Africa,Africa
6554790,Dire Dawa,Ethiopia,Africa,Africa
6554791,Kasai-Occidental,Democratic Republic of the Congo,Africa,Africa
6554792,Denizli,Turkey,EMEA,EMEA
6554793,Sabah,Malaysia,APAC,Southeast Asia
6554794,Kanagawa,Japan,APAC,North Asia
6554795,Shanghai,China,APAC,North Asia
6554796,Sonsonate,El Salvador,LATAM,Central
6554797,Ho Chí Minh City,Vietnam,APAC,Southeast Asia
6554798,Zürich,Switzerland,EU,Central
6554799,Otago,New Zealand,APAC,Oceania
6554800,Ulaanbaatar,Mongolia,EMEA,EMEA
6554801,Homyel',Belarus,EMEA,EMEA
6554802,Lagunes,Cote d'Ivoire,Africa,Africa
6554803,Riau,Indonesia,APAC,Southeast Asia
6554804,Gyeonggi,South Korea,APAC,North Asia
6554805,Niger,Nigeria,Africa,Africa
6554806,Hawke's Bay,New Zealand,APAC,Oceania
6554807,Upper Normandy,France,EU,Central
6554808,Manawatu-Wanganui,New Zealand,APAC,Oceania
6554809,South Carolina,United States,US,South
6554810,Sichuan,China,APAC,North Asia
6554811,Hajdu-Bihar,Hungary,EMEA,EMEA
6554812,Chisinau,Moldova,EMEA,EMEA
6554813,Sergipe,Brazil,LATAM,South
6554814,Chhattisgarh,India,APAC,Central Asia
6554815,Castile-La Mancha,Spain,EU,South
6554816,Kymenlaakso,Finland,EU,North
6554817,South Denmark,Denmark,EU,North
6554818,Córdoba,Argentina,LATAM,South
6554819,Valparaíso,Chile,LATAM,South
6554820,Rogaland,Norway,EU,North
6554821,Yangon,Myanmar (Burma),APAC,Southeast Asia
6554822,Dhaka,Bangladesh,APAC,Central Asia
6554823,Uusimaa,Finland,EU,North
6554824,Santa Ana,El Salvador,LATAM,Central
6554825,Yoro,Honduras,LATAM,Central
6554826,Marche,Italy,EU,South
6554827,Pinar del Río,Cuba,LATAM,Caribbean
6554828,Irkutsk,Russia,EMEA,EMEA
6554829,Kigali,Rwanda,Africa,Africa
6554830,Constantine,Algeria,Africa,Africa
6554831,Gaziantep,Turkey,EMEA,EMEA
6554832,Budapest,Hungary,EMEA,EMEA
6554833,Hormozgan,Iran,EMEA,EMEA
6554834,Donetsk,Ukraine,EMEA,EMEA
6554835,Yazd,Iran,EMEA,EMEA
6554836,Bashkortostan,Russia,EMEA,EMEA
6554837,Babil,Iraq,EMEA,EMEA
6554838,Kayes,Mali,Africa,Africa
6554839,Lubusz,Poland,EMEA,EMEA
6554840,Extreme-Nord,Cameroon,Africa,Africa
6554841,Maniema,Democratic Republic of the Congo,Africa,Africa
6554842,Klaipeda,Lithuania,EMEA,EMEA
6554843,Ash Sharqiyah,Saudi Arabia,EMEA,EMEA
6554844,Chelyabinsk,Russia,EMEA,EMEA
6554845,Basel-Stadt,Switzerland,EU,Central
6554846,Liguria,Italy,EU,South
6554847,Huila,Colombia,LATAM,South
6554848,Acre,Brazil,LATAM,South
6554849,Lima,Peru,LATAM,South
6554850,Beijing,China,APAC,North Asia
6554851,Overijssel,Netherlands,EU,Central
6554852,Picardy,France,EU,Central
6554853,F.C.T.,Pakistan,APAC,Central Asia
6554854,Shaanxi,China,APAC,North Asia
6554855,Sucre,Venezuela,LATAM,South
6554856,Khulna,Bangladesh,APAC,Central Asia
6554857,Rondônia,Brazil,LATAM,South
6554858,Upper Austria,Austria,EU,Central
6554859,Jammu and Kashmir,India,APAC,Central Asia
6554860,Bay of Plenty,New Zealand,APAC,Oceania
6554861,Mazandaran,Iran,EMEA,EMEA
6554862,Southern,Israel,EMEA,EMEA
6554863,Al Qadisiyah,Iraq,EMEA,EMEA
6554864,Semnan,Iran,EMEA,EMEA
6554865,Littoral,Benin,Africa,Africa
6554866,Markazi,Iran,EMEA,EMEA
6554867,Plovdiv,Bulgaria,EMEA,EMEA
6554868,Kaliningrad,Russia,EMEA,EMEA
6554869,Littoral,Cameroon,Africa,Africa
6554870,Al Gharbiyah,Egypt,Africa,Africa
6554871,Manica,Mozambique,Africa,Africa
6554872,Kasai-Oriental,Democratic Republic of the Congo,Africa,Africa
6554873,Ordu,Turkey,EMEA,EMEA
6554874,Almaty City,Kazakhstan,EMEA,EMEA
6554875,Atakora,Benin,Africa,Africa
6554876,Salzburg,Austria,EU,Central
6554877,Limburg,Netherlands,EU,Central
6554878,Anzoátegui,Venezuela,LATAM,South
6554879,Chiapas,Mexico,LATAM,North
6554880,Tabasco,Mexico,LATAM,North
6554881,Amapá,Brazil,LATAM,South
6554882,Ciego de Ávila,Cuba,LATAM,Caribbean
6554883,Galati,Romania,EMEA,EMEA
6554884,Zacatecas,Mexico,LATAM,North
6554885,Wales,United Kingdom,EU,North
6554886,Hims,Syria,EMEA,EMEA
6554887,Kermanshah,Iran,EMEA,EMEA
6554888,Arbil,Iraq,EMEA,EMEA
6554889,Souss-Massa-Draâ,Morocco,Africa,Africa
6554890,Jilin,China,APAC,North Asia
6554891,Sylhet,Bangladesh,APAC,Central Asia
6554892,Shizuoka,Japan,APAC,North Asia
6554893,Free State,South Africa,Africa,Africa
6554894,Diffa,Niger,Africa,Africa
6554895,Trabzon,Turkey,EMEA,EMEA
6554896,Nampula,Mozambique,Africa,Africa
6554897,Benguela,Angola,Africa,Africa
6554898,Bamako,Mali,Africa,Africa
6554899,Atlántida,Honduras,LATAM,Central
6554900,Barahona,Dominican Republic,LATAM,Caribbean
6554901,Cochabamba,Bolivia,LATAM,South
6554902,National Capital,Papua New Guinea,APAC,Oceania
6554903,Negeri Sembilan,Malaysia,APAC,Southeast Asia
6554904,Cesar,Colombia,LATAM,South
6554905,Hesse,Germany,EU,Central
6554906,Nyanza,Kenya,Africa,Africa
6554907,Prahova,Romania,EMEA,EMEA
6554908,Bolu,Turkey,EMEA,EMEA
6554909,Red Sea,Sudan,Africa,Africa
6554910,Mendoza,Argentina,LATAM,South
6554911,Burgundy,France,EU,Central
6554912,Hainaut,Belgium,EU,Central
6554913,Caldas,Colombia,LATAM,South
6554914,Ceuta,Spain,EU,South
6554915,Drenthe,Netherlands,EU,Central
6554916,Tottori,Japan,APAC,North Asia
6554917,Kuala Lumpur,Malaysia,APAC,Southeast Asia
6554918,Umbria,Italy,EU,South
6554919,Hirat,Afghanistan,APAC,Central Asia
6554920,Maluku,Indonesia,APAC,Southeast Asia
6554921,Gelderland,Netherlands,EU,Central
6554922,Duarte,Dominican Republic,LATAM,Caribbean
6554923,Southland,New Zealand,APAC,Oceania
6554924,Quezaltenango,Guatemala,LATAM,Central
6554925,Guayas,Ecuador,LATAM,South
6554926,Lara,Venezuela,LATAM,South
6554927,Lublin,Poland,EMEA,EMEA
6554928,Kerman,Iran,EMEA,EMEA
6554929,Qaraghandy,Kazakhstan,EMEA,EMEA
6554930,Medea,Algeria,Africa,Africa
6554931,Niassa,Mozambique,Africa,Africa
6554932,Sofiya-Grad,Bulgaria,EMEA,EMEA
6554933,Corum,Turkey,EMEA,EMEA
6554934,Ogun,Nigeria,Africa,Africa
6554935,Mwanza,Tanzania,Africa,Africa
6554936,Esfahan,Iran,EMEA,EMEA
6554937,Maysan,Iraq,EMEA,EMEA
6554938,Kwara,Nigeria,Africa,Africa
6554939,Grad Zagreb,Croatia,EMEA,EMEA
6554940,Antwerp,Belgium,EU,Central
6554941,Santa Cruz,Bolivia,LATAM,South
6554942,Santander,Colombia,LATAM,South
6554943,Trengganu,Malaysia,APAC,Southeast Asia
6554944,Cordillera,Philippines,APAC,Southeast Asia
6554945,Aomori,Japan,APAC,North Asia
6554946,Iowa,United States,US,Central
6554947,Sancti Spíritus,Cuba,LATAM,Caribbean
6554948,Kansas,United States,US,Central
6554949,Södermanland,Sweden,EU,North
6554950,Vallee Du Bandama,Cote d'Ivoire,Africa,Africa
6554951,Kindia,Guinea,Africa,Africa
6554952,Shinyanga,Tanzania,Africa,Africa
6554953,Beirut,Lebanon,EMEA,EMEA
6554954,Diyarbakir,Turkey,EMEA,EMEA
6554955,Lacs,Cote d'Ivoire,Africa,Africa
6554956,Doukkala-Abda,Morocco,Africa,Africa
6554957,Northern Territory,Australia,APAC,Oceania
6554958,Chandigarh,India,APAC,Central Asia
6554959,Champagne-Ardenne,France,EU,Central
6554960,Gujarat,India,APAC,Central Asia
6554961,Seoul,South Korea,APAC,North Asia
6554962,Central Luzon,Philippines,APAC,Southeast Asia
6554963,Morelos,Mexico,LATAM,North
6554964,Bryansk,Russia,EMEA,EMEA
6554965,Analamanga,Madagascar,Africa,Africa
6554966,Dhi Qar,Iraq,EMEA,EMEA
6554967,Malatya,Turkey,EMEA,EMEA
6554968,Kaduna,Nigeria,Africa,Africa
6554969,White Nile,Sudan,Africa,Africa
6554970,Panevezys,Lithuania,EMEA,EMEA
6554971,Khyber Pakhtunkhwa,Pakistan,APAC,Central Asia
6554972,Pahang,Malaysia,APAC,Southeast Asia
6554973,Centrale,Togo,Africa,Africa
6554974,Sumatera Barat,Indonesia,APAC,Southeast Asia
6554975,Delaware,United States,US,East
6554976,Saint Catherine,Jamaica,LATAM,Caribbean
6554977,Valcea,Romania,EMEA,EMEA
6554978,Greater Poland,Poland,EMEA,EMEA
6554979,Ulsan,South Korea,APAC,North Asia
6554980,Misratah,Libya,Africa,Africa
6554981,Provincia de Buenos Aires,Argentina,LATAM,South
6554982,Manabi,Ecuador,LATAM,South
6554983,Murcia,Spain,EU,South
6554984,Nelson,New Zealand,APAC,Oceania
6554985,Guizhou,China,APAC,North Asia
6554986,Cherkasy,Ukraine,EMEA,EMEA
6554987,Ziguinchor,Senegal,Africa,Africa
6554988,Imereti,Georgia,EMEA,EMEA
6554989,Guelma,Algeria,Africa,Africa
6554990,Ash Sharqiyah,Egypt,Africa,Africa
6554991,Mopti,Mali,Africa,Africa
6554992,Al Madinah,Saudi Arabia,EMEA,EMEA
6554993,Distrito Capital,Venezuela,LATAM,South
6554994,Ancash,Peru,LATAM,South
6554995,Piura,Peru,LATAM,South
6554996,Maramures,Romania,EMEA,EMEA
6554997,Kordestan,Iran,EMEA,EMEA
6554998,South Dublin,Ireland,EU,North
6554999,Igdir,Turkey,EMEA,EMEA
6555000,Vilnius,Lithuania,EMEA,EMEA
6555001,Sikasso,Mali,Africa,Africa
6555002,Lusaka,Zambia,Africa,Africa
6555003,Borgou,Benin,Africa,Africa
6555004,Yobe,Nigeria,Africa,Africa
6555005,Kara,Togo,Africa,Africa
6555006,Värmland,Sweden,EU,North
6555007,Cork,Ireland,EU,North
6555008,San Juan,Dominican Republic,LATAM,Caribbean
6555009,Quindío,Colombia,LATAM,South
6555010,La Paz,Bolivia,LATAM,South
6555011,Kumanovo,Macedonia,EMEA,EMEA
6555012,Yaroslavl',Russia,EMEA,EMEA
6555013,Laghouat,Algeria,Africa,Africa
6555014,Erzurum,Turkey,EMEA,EMEA
6555015,Tunis,Tunisia,Africa,Africa
6555016,Al Jawf,Saudi Arabia,EMEA,EMEA
6555017,Mato Grosso do Sul,Brazil,LATAM,South
6555018,Hokkaido,Japan,APAC,North Asia
6555019,Qinghai,China,APAC,North Asia
6555020,Gunma,Japan,APAC,North Asia
6555021,Liège,Belgium,EU,Central
6555022,Azuay,Ecuador,LATAM,South
6555023,Colima,Mexico,LATAM,North
6555024,Bolívar,Colombia,LATAM,South
6555025,Sulawesi Tenggara,Indonesia,APAC,Southeast Asia
6555026,Magallanes y Antártica Chilena,Chile,LATAM,South
6555027,Balti,Moldova,EMEA,EMEA
6555028,Salzburg,Austria,EMEA,EMEA
6555029,Alibori,Benin,Africa,Africa
6555030,Tbilisi,Georgia,EMEA,EMEA
6555031,Bangui,Central African Republic,Africa,Africa
6555032,Cluj,Romania,EMEA,EMEA
6555033,Aydin,Turkey,EMEA,EMEA
6555034,Kherson,Ukraine,EMEA,EMEA
6555035,Botosani,Romania,EMEA,EMEA
6555036,Constanta,Romania,EMEA,EMEA
6555037,Biobio,Chile,LATAM,South
6555038,Galicia,Spain,EU,South
6555039,Vaud,Switzerland,EU,Central
6555040,Nakhon Ratchasima,Thailand,APAC,Southeast Asia
6555041,Colón,Panama,LATAM,Central
6555042,Groningen,Netherlands,EU,Central
6555043,Tolima,Colombia,LATAM,South
6555044,Callao,Peru,LATAM,South
6555045,Guerrero,Mexico,LATAM,North
6555046,Guadeloupe,Guadeloupe,LATAM,Caribbean
6555047,Auvergne,France,EU,Central
6555048,Yamaguchi,Japan,APAC,North Asia
6555049,Brest,Belarus,EMEA,EMEA
6555050,Arkhangel'sk,Russia,EMEA,EMEA
6555051,Bandundu,Democratic Republic of the Congo,Africa,Africa
6555052,Yevrey,Russia,EMEA,EMEA
6555053,Ashgabat,Turkmenistan,EMEA,EMEA
6555054,Cabo Delgado,Mozambique,Africa,Africa
6555055,Kirsehir,Turkey,EMEA,EMEA
6555056,Bushehr,Iran,EMEA,EMEA
6555057,Bissau,Guinea-Bissau,Africa,Africa
6555058,Aswan,Egypt,Africa,Africa
6555059,Kirovohrad,Ukraine,EMEA,EMEA
6555060,Schleswig-Holstein,Germany,EU,Central
6555061,Zanjan,Iran,EMEA,EMEA
6555062,Aichi,Japan,APAC,North Asia
6555063,Asturias,Spain,EU,South
6555064,South Dakota,United States,US,Central
6555065,Campeche,Mexico,LATAM,North
6555066,Roraima,Brazil,LATAM,South
6555067,Gezira,Sudan,Africa,Africa
6555068,Tyrol,Austria,EMEA,EMEA
6555069,Baki,Azerbaijan,EMEA,EMEA
6555070,Osaka,Japan,APAC,North Asia
6555071,Espírito Santo,Brazil,LATAM,South
6555072,Vermont,United States,US,East
6555073,Iasi,Romania,EMEA,EMEA
6555074,Edo,Nigeria,Africa,Africa
6555075,Odisha,India,APAC,Central Asia
6555076,Entre Ríos,Argentina,LATAM,South
6555077,Baja California Sur,Mexico,LATAM,North
6555078,Melilla,Spain,EU,South
6555079,Styria,Austria,EU,Central
6555080,Atacama,Chile,LATAM,South
6555081,Chiba,Japan,APAC,North Asia
6555082,Basilicata,Italy,EU,South
6555083,Ica,Peru,LATAM,South
6555084,Southern,Sierra Leone,Africa,Africa
6555085,Al Hudaydah,Yemen,EMEA,EMEA
6555086,Saida,Algeria,Africa,Africa
6555087,Al Minufiyah,Egypt,Africa,Africa
6555088,Samsun,Turkey,EMEA,EMEA
6555089,Osmaniye,Turkey,EMEA,EMEA
6555090,Boeny,Madagascar,Africa,Africa
6555091,Adamawa,Nigeria,Africa,Africa
6555092,Nzérékoré,Guinea,Africa,Africa
6555093,Suhaj,Egypt,Africa,Africa
6555094,Katsina,Nigeria,Africa,Africa
6555095,Konya,Turkey,EMEA,EMEA
6555096,Meknès-Tafilalet,Morocco,Africa,Africa
6555097,Tarija,Bolivia,LATAM,South
6555098,San Cristóbal,Dominican Republic,LATAM,Caribbean
6555099,Arkansas,United States,US,South
6555100,Waikato,New Zealand,APAC,Oceania
6555101,Jiangxi,China,APAC,North Asia
6555102,Carabobo,Venezuela,LATAM,South
6555103,Ta'izz,Yemen,EMEA,EMEA
6555104,Ivano-Frankivsk,Ukraine,EMEA,EMEA
6555105,Sevastopol',Ukraine,EMEA,EMEA
6555106,Tabuk,Saudi Arabia,EMEA,EMEA
6555107,Asyut,Egypt,Africa,Africa
6555108,Aksaray,Turkey,EMEA,EMEA
6555109,Arusha,Tanzania,Africa,Africa
6555110,'Asir,Saudi Arabia,EMEA,EMEA
6555111,Thies,Senegal,Africa,Africa
6555112,Central,Paraguay,LATAM,South
6555113,Nagasaki,Japan,APAC,North Asia
6555114,Franche-Comté,France,EU,Central
6555116,Sud-Ouest,Cameroon,Africa,Africa
6555117,Yalova,Turkey,EMEA,EMEA
6555118,Al Bahr Al Ahmar,Egypt,Africa,Africa
6555119,Valle del Cauca,Colombia,LATAM,South
6555120,Ningxia,China,APAC,North Asia
6555121,Bern,Switzerland,EU,Central
6555122,Cundinamarca,Colombia,LATAM,South
6555123,Porto,Portugal,EU,South
6555124,Belgorod,Russia,EMEA,EMEA
6555125,Zhytomyr,Ukraine,EMEA,EMEA
6555126,Gyor,Hungary,EMEA,EMEA
6555127,Gilan,Iran,EMEA,EMEA
6555128,Hradec Kralove,Czech Republic,EMEA,EMEA
6555129,Federation of Bosnia and Herzegovina,Bosnia and Herzegovina,EMEA,EMEA
6555130,Taza-Al Hoceima-Taounate,Morocco,Africa,Africa
6555131,Cross River,Nigeria,Africa,Africa
6555132,Kaluga,Russia,EMEA,EMEA
6555133,North-West,South Africa,Africa,Africa
6555134,Tlemcen,Algeria,Africa,Africa
6555135,Abuja Capital Territory,Nigeria,Africa,Africa
6555136,Bur Sa'id,Egypt,Africa,Africa
6555137,Khatlon,Tajikistan,EMEA,EMEA
6555138,Bingol,Turkey,EMEA,EMEA
6555139,Oruro,Bolivia,LATAM,South
6555140,Skåne,Sweden,EU,North
6555141,San Fernando,Trinidad and Tobago,LATAM,Caribbean
6555142,Pichincha,Ecuador,LATAM,South
6555143,Selangor,Malaysia,APAC,Southeast Asia
6555144,Sarawak,Malaysia,APAC,Southeast Asia
6555145,North Dakota,United States,US,Central
6555146,Coimbra,Portugal,EU,South
6555147,Khánh Hòa,Vietnam,APAC,Southeast Asia
6555148,Mbeya,Tanzania,Africa,Africa
6555149,Woqooyi Galbeed,Somalia,Africa,Africa
6555150,Sirnak,Turkey,EMEA,EMEA
6555151,Tanga,Tanzania,Africa,Africa
6555152,Neamt,Romania,EMEA,EMEA
6555153,Djibouti,Djibouti,Africa,Africa
6555154,Ternopil',Ukraine,EMEA,EMEA
6555155,Chuquisaca,Bolivia,LATAM,South
6555156,Giurgiu,Romania,EMEA,EMEA
6555157,Astana,Kazakhstan,EMEA,EMEA
6555158,Maseru,Lesotho,Africa,Africa
6555159,Mara,Tanzania,Africa,Africa
6555160,Nord-Ouest,Cameroon,Africa,Africa
6555161,Central,Nepal,APAC,Central Asia
6555162,Querétaro,Mexico,LATAM,North
6555163,Atlantique,Benin,Africa,Africa
6555164,Nayarit,Mexico,LATAM,North
6555165,District of Columbia,United States,US,East
6555166,Upper Austria,Austria,EMEA,EMEA
6555167,Braga,Portugal,EU,South
6555168,Monagas,Venezuela,LATAM,South
6555169,La Libertad,Peru,LATAM,South
6555170,Isla de la Juventud,Cuba,LATAM,Caribbean
6555171,Primorsko-Goranska,Croatia,EMEA,EMEA
6555172,Annaba,Algeria,Africa,Africa
6555173,Ayacucho,Peru,LATAM,South
6555174,Maradi,Niger,Africa,Africa
6555175,Tipaza,Algeria,Africa,Africa
6555176,Estuaire,Gabon,Africa,Africa
6555177,Haifa,Israel,EMEA,EMEA
6555178,Western,Sri Lanka,APAC,Central Asia
6555179,Shumen,Bulgaria,EMEA,EMEA
6555180,Hidalgo,Mexico,LATAM,North
6555181,Almaty,Kazakhstan,EMEA,EMEA
6555182,Malanje,Angola,Africa,Africa
6555183,Bejaia,Algeria,Africa,Africa
6555184,Al Buhayrah,Egypt,Africa,Africa
6555185,Satu Mare,Romania,EMEA,EMEA
6555186,Carinthia,Austria,EU,Central
6555187,Hainan,China,APAC,North Asia
6555188,Nagano,Japan,APAC,North Asia
6555189,Namangan,Uzbekistan,EMEA,EMEA
6555190,Rize,Turkey,EMEA,EMEA
6555191,Moravian-Silesian,Czech Republic,EMEA,EMEA
6555192,Jujuy,Argentina,LATAM,South
6555193,Oita,Japan,APAC,North Asia
6555194,Marlborough,New Zealand,APAC,Oceania
6555195,Skikda,Algeria,Africa,Africa
6555196,Al Fayyum,Egypt,Africa,Africa
6555197,Central,Ghana,Africa,Africa
6555198,Plateaux,Togo,Africa,Africa
6555199,Jizan,Saudi Arabia,EMEA,EMEA
6555200,Ebonyi,Nigeria,Africa,Africa
6555201,Navarra,Spain,EU,South
6555202,Mardin,Turkey,EMEA,EMEA
6555203,Banská Bystrica,Slovakia,EMEA,EMEA
6555204,Manitoba,Canada,Canada,Canada
6555205,Ishikawa,Japan,APAC,North Asia
6555206,Ouémé,Benin,Africa,Africa
6555207,Idaho,United States,US,West
6555208,Mérida,Venezuela,LATAM,South
6555209,Antofagasta,Chile,LATAM,South
6555210,Gyeongsangnam,South Korea,APAC,North Asia
6555211,Bas-Congo,Democratic Republic of the Congo,Africa,Africa
6555212,Varna,Bulgaria,EMEA,EMEA
6555213,Dix-Huit Montagnes,Cote d'Ivoire,Africa,Africa
6555214,Jubbada Hoose,Somalia,Africa,Africa
6555215,Chubut,Argentina,LATAM,South
6555216,Papua,Indonesia,APAC,Southeast Asia
6555217,Sofala,Mozambique,Africa,Africa
6555218,Manipur,India,APAC,Central Asia
6555219,Beni,Bolivia,LATAM,South
6555220,Nevsehir,Turkey,EMEA,EMEA
6555221,Portuguesa,Venezuela,LATAM,South
6555222,Sulawesi Utara,Indonesia,APAC,Southeast Asia
6555223,Benue,Nigeria,Africa,Africa
6555224,Karbala',Iraq,EMEA,EMEA
6555225,Namibe,Angola,Africa,Africa
6555226,Hiroshima,Japan,APAC,North Asia
6555227,Adiyaman,Turkey,EMEA,EMEA
6555228,Piauí,Brazil,LATAM,South
6555229,Hatay,Turkey,EMEA,EMEA
6555230,Surxondaryo,Uzbekistan,EMEA,EMEA
6555231,Manicaland,Zimbabwe,Africa,Africa
6555232,Ra's Al Khaymah,United Arab Emirates,EMEA,EMEA
6555233,Plateau,Nigeria,Africa,Africa
6555234,Vitsyebsk,Belarus,EMEA,EMEA
6555235,Zamfara,Nigeria,Africa,Africa
6555236,Liberec,Czech Republic,EMEA,EMEA
6555237,Balearic Islands,Spain,EU,South
6555238,Atsinanana,Madagascar,Africa,Africa
6555239,Irbid,Jordan,EMEA,EMEA
6555240,West Virginia,United States,US,East
6555241,Yambol,Bulgaria,EMEA,EMEA
6555242,Bekes,Hungary,EMEA,EMEA
6555243,Imo,Nigeria,Africa,Africa
6555244,Corsica,France,EU,Central
6555245,Eastern,Kenya,Africa,Africa
6555246,South Khorasan,Iran,EMEA,EMEA
6555247,Corrientes,Argentina,LATAM,South
6555248,Chernihiv,Ukraine,EMEA,EMEA
6555249,Korçë,Albania,EMEA,EMEA
6555250,Nova Scotia,Canada,Canada,Canada
6555251,Bihor,Romania,EMEA,EMEA
6555252,Stavropol',Russia,EMEA,EMEA
6555253,Litoral,Equatorial Guinea,Africa,Africa
6555254,Mary,Turkmenistan,EMEA,EMEA
6555255,Muharraq,Bahrain,EMEA,EMEA
6555256,Andijan,Uzbekistan,EMEA,EMEA
6555257,Nusa Tenggara Barat,Indonesia,APAC,Southeast Asia
6555258,Gombe,Nigeria,Africa,Africa
6555259,Tadla-Azilal,Morocco,Africa,Africa
6555260,Central Equatoria,South Sudan,Africa,Africa
6555261,Neuquén,Argentina,LATAM,South
6555262,Buskerud,Norway,EU,North
6555263,Tekirdag,Turkey,EMEA,EMEA
6555264,Nariño,Colombia,LATAM,South
6555265,Aqmola,Kazakhstan,EMEA,EMEA
6555266,Kocaeli,Turkey,EMEA,EMEA
6555267,Nusa Tenggara Timur,Indonesia,APAC,Southeast Asia
6555268,Xinjiang Uygur,China,APAC,North Asia
6555269,South Chungcheong,South Korea,APAC,North Asia
6555270,Shkodër,Albania,EMEA,EMEA
6555271,Hunedoara,Romania,EMEA,EMEA
6555272,Carinthia,Austria,EMEA,EMEA
6555273,Sliven,Bulgaria,EMEA,EMEA
6555274,Loreto,Peru,LATAM,South
6555275,Taipei City,Taiwan,APAC,North Asia
6555276,Mpumalanga,South Africa,Africa,Africa
6555277,Bani Suwayf,Egypt,Africa,Africa
6555278,Bacau,Romania,EMEA,EMEA
6555279,Los Lagos,Chile,LATAM,South
6555280,Rivne,Ukraine,EMEA,EMEA
6555281,Gisborne,New Zealand,APAC,Oceania
6555282,Vargas,Venezuela,LATAM,South
6555283,Poltava,Ukraine,EMEA,EMEA
6555284,Fukuoka,Japan,APAC,North Asia
6555285,Montserrado,Liberia,Africa,Africa
6555286,Limpopo,South Africa,Africa,Africa
6555287,Osun,Nigeria,Africa,Africa
6555288,Brasov,Romania,EMEA,EMEA
6555289,Amur,Russia,EMEA,EMEA
6555290,Isparta,Turkey,EMEA,EMEA
6555291,Ucayali,Peru,LATAM,South
6555292,Córdoba,Colombia,LATAM,South
6555293,Bistrita-Nasaud,Romania,EMEA,EMEA
6555294,Northern,Zambia,Africa,Africa
6555295,Cantabria,Spain,EU,South
6555296,Saitama,Japan,APAC,North Asia
6555297,Qazvin,Iran,EMEA,EMEA
6555298,Canakkale,Turkey,EMEA,EMEA
6555299,Rajshahi,Bangladesh,APAC,Central Asia
6555300,Lori,Armenia,EMEA,EMEA
6555301,Equateur,Democratic Republic of the Congo,Africa,Africa
6555302,Manzini,Swaziland,Africa,Africa
6555303,Amasya,Turkey,EMEA,EMEA
6555304,Atsimo-Andrefana,Madagascar,Africa,Africa
6555305,Espaillat,Dominican Republic,LATAM,Caribbean
6555306,Risaralda,Colombia,LATAM,South
6555307,Zealand,Denmark,EU,North
6555308,Al Marqab,Libya,Africa,Africa
6555309,Niari,Republic of the Congo,Africa,Africa
6555310,Arad,Romania,EMEA,EMEA
6555311,Geneva,Switzerland,EU,Central
6555312,Ardahan,Turkey,EMEA,EMEA
6555313,Siirt,Turkey,EMEA,EMEA
6555314,Casanare,Colombia,LATAM,South
6555315,Plzen,Czech Republic,EMEA,EMEA
6555316,Pleven,Bulgaria,EMEA,EMEA
6555317,Iringa,Tanzania,Africa,Africa
6555318,'Ajman,United Arab Emirates,EMEA,EMEA
6555319,Durrës,Albania,EMEA,EMEA
6555320,Vlorë,Albania,EMEA,EMEA
6555321,Zeeland,Netherlands,EU,Central
6555322,Jizzakh,Uzbekistan,EMEA,EMEA
6555323,Khorezm,Uzbekistan,EMEA,EMEA
6555324,North Lebanon,Lebanon,EMEA,EMEA
6555325,Mashonaland West,Zimbabwe,Africa,Africa
6555326,Vrancea,Romania,EMEA,EMEA
6555327,Kabardino-Balkariya,Russia,EMEA,EMEA
6555328,Paysandú,Uruguay,LATAM,South
6555329,Düzce,Turkey,EMEA,EMEA
6555330,Kutahya,Turkey,EMEA,EMEA
6555331,Uppsala,Sweden,EU,North
6555332,Brussels,Belgium,EU,Central
6555333,Vladimir,Russia,EMEA,EMEA
6555334,Haut-Sassandra,Cote d'Ivoire,Africa,Africa
6555335,Flemish Brabant,Belgium,EU,Central
6555336,Rivera,Uruguay,LATAM,South
6555337,Northern Mindanao,Philippines,APAC,Southeast Asia
6555338,Styria,Austria,EMEA,EMEA
6555339,Sud,Cameroon,Africa,Africa
6555340,Saga,Japan,APAC,North Asia
6555341,Moquegua,Peru,LATAM,South
6555342,Baluchistan,Pakistan,APAC,Central Asia
6555343,Afyonkarahisar,Turkey,EMEA,EMEA
6555344,Diana,Madagascar,Africa,Africa
6555345,Qina,Egypt,Africa,Africa
6555346,Setúbal,Portugal,EU,South
6555347,Kars,Turkey,EMEA,EMEA
6555348,Tochigi,Japan,APAC,North Asia
6555349,Bujumbura-Mairie,Burundi,Africa,Africa
6555350,Santiago del Estero,Argentina,LATAM,South
6555351,Arequipa,Peru,LATAM,South
6555352,Donga,Benin,Africa,Africa
6555353,Anseba,Eritrea,Africa,Africa
6555354,Friesland,Netherlands,EU,Central
6555355,Sivas,Turkey,EMEA,EMEA
6555356,Golestan,Iran,EMEA,EMEA
6555357,Mures,Romania,EMEA,EMEA
6555358,Ibb,Yemen,EMEA,EMEA
6555359,Bengkulu,Indonesia,APAC,Southeast Asia
6555360,Kandahar,Afghanistan,APAC,Central Asia
6555361,Fukui,Japan,APAC,North Asia
6555362,Monseñor Nouel,Dominican Republic,LATAM,Caribbean
6555363,Catamarca,Argentina,LATAM,South
6555364,Kigoma,Tanzania,Africa,Africa
6555365,Maine,United States,US,East
6555366,Gorj,Romania,EMEA,EMEA
6555367,Aceh,Indonesia,APAC,Southeast Asia
6555368,Guárico,Venezuela,LATAM,South
6555369,Central,Zambia,Africa,Africa
6555370,Chaguanas,Trinidad and Tobago,LATAM,Caribbean
6555371,Canelones,Uruguay,LATAM,South
6555372,Osjecko-Baranjska,Croatia,EMEA,EMEA
6555373,Usak,Turkey,EMEA,EMEA
6555374,Zagrebacka,Croatia,EMEA,EMEA
6555375,Grand Gedeh,Liberia,Africa,Africa
6555376,Central,Israel,EMEA,EMEA
6555377,Guelmim-Es Semara,Morocco,Africa,Africa
6555378,Kagawa,Japan,APAC,North Asia
6555379,Morogoro,Tanzania,Africa,Africa
6555380,Braila,Romania,EMEA,EMEA
6555381,Kafr Ash Shaykh,Egypt,Africa,Africa
6555382,Huila,Angola,Africa,Africa
6555383,Los Rios,Ecuador,LATAM,South
6555384,Wyoming,United States,US,West
6555385,Nigde,Turkey,EMEA,EMEA
6555386,Kastamonu,Turkey,EMEA,EMEA
6555387,Central Jutland,Denmark,EU,North
6555388,Okayama,Japan,APAC,North Asia
6555389,Ibaraki,Japan,APAC,North Asia
6555390,Tripura,India,APAC,Central Asia
6555391,Arica y Parinacota,Chile,LATAM,South
6555392,Arges,Romania,EMEA,EMEA
6555393,Osh,Kyrgyzstan,EMEA,EMEA
6555394,St. Gallen,Switzerland,EU,Central
6555395,Salah Ad Din,Iraq,EMEA,EMEA
6555396,Galway,Ireland,EU,North
6555397,Oaxaca,Mexico,LATAM,North
6555398,Tete,Mozambique,Africa,Africa
6555399,Mtwara,Tanzania,Africa,Africa
6555400,Suceava,Romania,EMEA,EMEA
6555401,Burgas,Bulgaria,EMEA,EMEA
6555402,Opole,Poland,EMEA,EMEA
6555403,Karaman,Turkey,EMEA,EMEA
6555404,Savanes,Cote d'Ivoire,Africa,Africa
6555405,Tokat,Turkey,EMEA,EMEA
6555406,Žilina,Slovakia,EMEA,EMEA
6555407,Caras-Severin,Romania,EMEA,EMEA
6555408,Tartumaa,Estonia,EMEA,EMEA
6555409,Arauca,Colombia,LATAM,South
6555410,Lambayeque,Peru,LATAM,South
6555411,Sidi Bel Abbes,Algeria,Africa,Africa
6555412,Novosibirsk,Russia,EMEA,EMEA
6555413,Asunción,Paraguay,LATAM,South
6555414,Tabora,Tanzania,Africa,Africa
6555415,Northern,Sierra Leone,Africa,Africa
6555416,Ilam,Iran,EMEA,EMEA
6555417,Newfoundland,Canada,Canada,Canada
6555418,Caquetá,Colombia,LATAM,South
6555419,Matabeleland North,Zimbabwe,Africa,Africa
6555420,Halland,Sweden,EU,North
6555421,Ar Raqqah,Syria,EMEA,EMEA
6555422,Bitola,Macedonia,EMEA,EMEA
6555423,Qashqadaryo,Uzbekistan,EMEA,EMEA
6555424,Novgorod,Russia,EMEA,EMEA
6555425,Sibiu,Romania,EMEA,EMEA
6555426,Pwani,Tanzania,Africa,Africa
6555427,Sokoto,Nigeria,Africa,Africa
6555428,Batman,Turkey,EMEA,EMEA
6555429,Kilis,Turkey,EMEA,EMEA
6555430,Central,Kenya,Africa,Africa
6555431,Nueva Esparta,Venezuela,LATAM,South
6555432,Pernik,Bulgaria,EMEA,EMEA
6555433,Tizi Ouzou,Algeria,Africa,Africa
6555434,Eastern,Zambia,Africa,Africa
6555435,Táchira,Venezuela,LATAM,South
6555436,Aveiro,Portugal,EU,South
6555437,Boyacá,Colombia,LATAM,South
6555438,Haute-Matsiatra,Madagascar,Africa,Africa
6555439,Inhambane,Mozambique,Africa,Africa
6555440,Lebap,Turkmenistan,EMEA,EMEA
6555441,Olomouc,Czech Republic,EMEA,EMEA
6555442,Extremadura,Spain,EU,South
6555443,Chocó,Colombia,LATAM,South
6555444,Zinder,Niger,Africa,Africa
6555445,Matruh,Egypt,Africa,Africa
6555446,Kabarole,Uganda,Africa,Africa
6555447,Podgorica,Montenegro,EMEA,EMEA
6555448,Misiones,Argentina,LATAM,South
6555449,Cajamarca,Peru,LATAM,South
6555450,Fromager,Cote d'Ivoire,Africa,Africa
6555451,Stara Zagora,Bulgaria,EMEA,EMEA
6555452,Vratsa,Bulgaria,EMEA,EMEA
6555453,Jeju,South Korea,APAC,North Asia
6555454,Potosí,Bolivia,LATAM,South
6555455,Tambov,Russia,EMEA,EMEA
6555456,Splitsko-Dalmatinska,Croatia,EMEA,EMEA
6555457,Meta,Colombia,LATAM,South
6555458,Vest-Agder,Norway,EU,North
6555459,Elbasan,Albania,EMEA,EMEA
6555460,Gangwon,South Korea,APAC,North Asia
6555461,Jinja,Uganda,Africa,Africa
6555462,Ljubljana,Slovenia,EMEA,EMEA
6555463,Mandoul,Chad,Africa,Africa
6555464,Eastern,Sierra Leone,Africa,Africa
6555465,Río Negro,Argentina,LATAM,South
6555466,Yaracuy,Venezuela,LATAM,South
6555467,Ulaanbaatar,Mongolia,APAC,North Asia
6555468,Edirne,Turkey,EMEA,EMEA
6555469,Tarapacá,Chile,LATAM,South
6555470,Moscow,Russia,EMEA,EMEA
6555471,Lucerne,Switzerland,EU,Central
6555472,Nangarhar,Afghanistan,APAC,Central Asia
6555473,Hedmark,Norway,EU,North
